{
  "biomes": "#terraforged:trees/hardy_slopes",
  "density": 0.7,
  "frequency": 0.2,
  "jitter": 0.8,
  "viability": {
    "type": "Sum",
    "initial": 0.2,
    "amounts": [0.2, -1, 1, -0.799999999450081, -0.5],
    "rules": [
      {
        "type": "Saturation",
        "max": 1,
        "min": 0.8
      },
      {
        "type": "Height",
        "max": 150,
        "mid": 40,
        "min": -100
      },
      {
        "type": "Slope",
        "max": 0.5,
        "normalize": 60
      },
      {
        "type": "BiomeEdgeViability",
        "distance": 0.65
      },
      {
        "type": "Noise",
        "noise": {
          "type": "Map",
          "max": {
            "type": "Const",
            "value": 1
          },
          "min": {
            "type": "Const",
            "value": 0
          },
          "source": {
            "type": "Clamp",
            "max": {
              "type": "Const",
              "value": 0.9
            },
            "min": {
              "type": "Const",
              "value": 0.2
            },
            "source": {
              "interpolation": "CURVE3",
              "type": "Simplex",
              "frequency": 0.007,
              "gain": 0.5,
              "lacunarity": 2,
              "octaves": 2,
              "seed": 215223
            }
          }
        }
      }
    ]
  }
}