{
  "biomes": "#terraforged:trees/sparse_rainforest",
  "density": 0.45,
  "frequency": 0.15,
  "jitter": 0.8,
  "viability": {
    "type": "Sum",
    "initial": 0,
    "amounts": [0.2, -1, -0.5, 0.5],
    "rules": [
      {
        "type": "Saturation",
        "max": 1,
        "min": 0.65
      },
      {
        "type": "Height",
        "max": 150,
        "mid": 20,
        "min": -100
      },
      {
        "type": "Slope",
        "max": 0.75,
        "normalize": 65
      },
      {
        "type": "Noise",
        "noise": {
          "type": "Map",
          "max": {
            "type": "Const",
            "value": 1
          },
          "min": {
            "type": "Const",
            "value": 0
          },
          "source": {
            "type": "Clamp",
            "max": {
              "type": "Const",
              "value": 0.7
            },
            "min": {
              "type": "Const",
              "value": 0.5
            },
            "source": {
              "interpolation": "CURVE3",
              "type": "Simplex",
              "frequency": 0.013,
              "gain": 0.5,
              "lacunarity": 2,
              "octaves": 2,
              "seed": 237666
            }
          }
        }
      }
    ]
  }
}