{
  "biomes": "#terraforged:trees/copses",
  "density": 0.6,
  "frequency": 0.2,
  "jitter": 0.8,
  "viability": {
    "type": "Sum",
    "initial": 0,
    "amounts": [0.2, -1, -0.5, 1],
    "rules": [
      {
        "type": "Saturation",
        "max": 1,
        "min": 0.7
      },
      {
        "type": "Height",
        "max": 150,
        "mid": 35,
        "min": -100
      },
      {
        "type": "Slope",
        "max": 0.55,
        "normalize": 65
      },
      {
        "type": "Noise",
        "noise": {
          "type": "Map",
          "max": {
            "type": "Const",
            "value": 1
          },
          "min": {
            "type": "Const",
            "value": 0
          },
          "source": {
            "type": "Clamp",
            "max": {
              "type": "Const",
              "value": 0.95
            },
            "min": {
              "type": "Const",
              "value": 0.85
            },
            "source": {
              "interpolation": "CURVE3",
              "type": "Simplex",
              "frequency": 0.009,
              "gain": 0.5,
              "lacunarity": 2,
              "octaves": 2,
              "seed": 392112
            }
          }
        }
      }
    ]
  }
}