{
  "biomes": "#terraforged:trees/rainforest",
  "density": 0.7,
  "frequency": 0.35,
  "jitter": 0.75,
  "viability": {
    "type": "Sum",
    "initial": 0.45,
    "amounts": [0.25, -1, -0.5, -0.799999999450081, -0.3999999997250405],
    "rules": [
      {
        "type": "Saturation",
        "max": 1,
        "min": 0.7
      },
      {
        "type": "Height",
        "max": 180,
        "mid": 60,
        "min": -100
      },
      {
        "type": "Slope",
        "max": 0.65,
        "normalize": 55
      },
      {
        "type": "BiomeEdgeViability",
        "distance": 0.7
      },
      {
        "type": "Noise",
        "noise": {
          "type": "Map",
          "max": {
            "type": "Const",
            "value": 1
          },
          "min": {
            "type": "Const",
            "value": 0
          },
          "source": {
            "type": "Clamp",
            "max": {
              "type": "Const",
              "value": 0.9
            },
            "min": {
              "type": "Const",
              "value": 0.7
            },
            "source": {
              "interpolation": "CURVE3",
              "type": "Simplex",
              "frequency": 0.01,
              "gain": 0.5,
              "lacunarity": 2,
              "octaves": 2,
              "seed": 235280
            }
          }
        }
      }
    ]
  }
}