{
  "biomes": "#terraforged:trees/sparse",
  "density": 0.35,
  "frequency": 0.15,
  "jitter": 0.75,
  "viability": {
    "type": "Sum",
    "initial": 0,
    "amounts": [0.4, -1, -1, 1],
    "rules": [
      {
        "type": "Saturation",
        "max": 1,
        "min": 0.95
      },
      {
        "type": "Height",
        "max": 175,
        "mid": 50,
        "min": -100
      },
      {
        "type": "Slope",
        "max": 0.6,
        "normalize": 65
      },
      {
        "type": "Noise",
        "noise": {
          "type": "Map",
          "max": {
            "type": "Const",
            "value": 1
          },
          "min": {
            "type": "Const",
            "value": 0
          },
          "source": {
            "type": "Clamp",
            "max": {
              "type": "Const",
              "value": 0.85
            },
            "min": {
              "type": "Const",
              "value": 0.8
            },
            "source": {
              "interpolation": "CURVE3",
              "type": "Simplex",
              "frequency": 0.01,
              "gain": 0.5,
              "lacunarity": 2,
              "octaves": 3,
              "seed": 419149
            }
          }
        }
      }
    ]
  }
}