{
	"credit": "Made with Blockbench",
	"parent": "create:block/large_wheels",
	"texture_size": [128, 128],
	"textures": {
		"1": "trackwork:block/sprocket_small",
		"particle": "trackwork:block/sprocket_small"
	},
	"elements": [
		{
			"name": "Gear",
			"from": [1.5, -10, 6.5],
			"to": [6.5, 8, 9.5],
			"rotation": {"angle": 0, "axis": "y", "origin": [12, -9, 0]},
			"faces": {
				"north": {"uv": [3, 1.25, 3.625, 3.5], "texture": "#1"},
				"east": {"uv": [0.75, 6.5, 1.125, 8.75], "texture": "#1"},
				"south": {"uv": [1.75, 3, 2.375, 5.25], "texture": "#1"},
				"west": {"uv": [3.875, 6.5, 4.25, 8.75], "texture": "#1"},
				"up": {"uv": [6.75, 1.875, 6.125, 1.5], "texture": "#1"},
				"down": {"uv": [6.75, 1.875, 6.125, 2.25], "texture": "#1"}
			}
		},
		{
			"name": "Gear2",
			"from": [1.5, -10, 6.5],
			"to": [6.5, 8, 9.5],
			"rotation": {"angle": -45, "axis": "x", "origin": [4, -1, 8]},
			"faces": {
				"north": {"uv": [2.375, 3, 3, 5.25], "texture": "#1"},
				"east": {"uv": [7.25, 1.5, 7.625, 3.75], "texture": "#1"},
				"south": {"uv": [3, 3.5, 3.625, 5.75], "texture": "#1"},
				"west": {"uv": [7.25, 3.75, 7.625, 6], "texture": "#1"},
				"up": {"uv": [7.25, 7.875, 6.625, 7.5], "texture": "#1"},
				"down": {"uv": [8.25, 2.5, 7.625, 2.875], "texture": "#1"}
			}
		},
		{
			"name": "Gear3",
			"from": [1.5, -10, 6.5],
			"to": [6.5, 8, 9.5],
			"rotation": {"angle": 45, "axis": "x", "origin": [4, -1, 8]},
			"faces": {
				"north": {"uv": [3.625, 1.25, 4.25, 3.5], "texture": "#1"},
				"east": {"uv": [4.25, 7.25, 4.625, 9.5], "texture": "#1"},
				"south": {"uv": [3.625, 3.5, 4.25, 5.75], "texture": "#1"},
				"west": {"uv": [7.375, 6, 7.75, 8.25], "texture": "#1"},
				"up": {"uv": [8.25, 3.25, 7.625, 2.875], "texture": "#1"},
				"down": {"uv": [8.25, 3.25, 7.625, 3.625], "texture": "#1"}
			}
		},
		{
			"name": "Gear4",
			"from": [1.5, -2.5, -1],
			"to": [6.5, 0.5, 17],
			"rotation": {"angle": 0, "axis": "y", "origin": [12, -9, 0]},
			"faces": {
				"north": {"uv": [7.625, 3.625, 8.25, 4], "texture": "#1"},
				"east": {"uv": [7.375, 0, 9.625, 0.375], "texture": "#1"},
				"south": {"uv": [7.625, 4, 8.25, 4.375], "texture": "#1"},
				"west": {"uv": [7.375, 0.375, 9.625, 0.75], "texture": "#1"},
				"up": {"uv": [0.625, 6.5, 0, 4.25], "texture": "#1"},
				"down": {"uv": [1.25, 4.25, 0.625, 6.5], "texture": "#1"}
			}
		},
		{
			"name": "GearCaseInner",
			"from": [2.55, -7, 2],
			"to": [7.45, 5, 14],
			"rotation": {"angle": 0, "axis": "y", "origin": [12, -9, 0]},
			"faces": {
				"north": {"uv": [4.25, 5.75, 4.875, 7.25], "texture": "#1"},
				"east": {"uv": [0, 0, 1.5, 1.5], "texture": "#1"},
				"south": {"uv": [5.5, 6, 6.125, 7.5], "texture": "#1"},
				"west": {"uv": [0, 1.5, 1.5, 3], "texture": "#1"},
				"up": {"uv": [6.75, 1.5, 6.125, 0], "texture": "#1"},
				"down": {"uv": [6.75, 6, 6.125, 7.5], "texture": "#1"}
			}
		},
		{
			"name": "GearCaseOuter",
			"from": [1, -6, 5],
			"to": [15, 4, 11],
			"rotation": {"angle": 0, "axis": "y", "origin": [12, -9, 0]},
			"faces": {
				"north": {"uv": [0, 3, 1.75, 4.25], "texture": "#1"},
				"east": {"uv": [0, 6.5, 0.75, 7.75], "texture": "#1"},
				"south": {"uv": [3, 0, 4.75, 1.25], "texture": "#1"},
				"west": {"uv": [2.5, 6.5, 3.25, 7.75], "texture": "#1"},
				"up": {"uv": [7.25, 3, 5.5, 2.25], "texture": "#1"},
				"down": {"uv": [7.25, 3, 5.5, 3.75], "texture": "#1"}
			}
		},
		{
			"name": "GearCaseOuter",
			"from": [1, -4, 3],
			"to": [15, 2, 5],
			"rotation": {"angle": 0, "axis": "y", "origin": [12, -9, 0]},
			"faces": {
				"north": {"uv": [5.5, 3.75, 7.25, 4.5], "texture": "#1"},
				"east": {"uv": [1.25, 4.25, 1.5, 5], "texture": "#1"},
				"south": {"uv": [5.5, 4.5, 7.25, 5.25], "texture": "#1"},
				"west": {"uv": [1.5, 4.25, 1.75, 5], "texture": "#1"},
				"up": {"uv": [9.375, 1.75, 7.625, 1.5], "texture": "#1"},
				"down": {"uv": [9.375, 1.75, 7.625, 2], "texture": "#1"}
			}
		},
		{
			"name": "GearCaseOuter",
			"from": [1, -4, 11],
			"to": [15, 2, 13],
			"rotation": {"angle": 0, "axis": "y", "origin": [12, -9, 0]},
			"faces": {
				"north": {"uv": [5.5, 5.25, 7.25, 6], "texture": "#1"},
				"east": {"uv": [6.75, 1.5, 7, 2.25], "texture": "#1"},
				"south": {"uv": [2.5, 5.75, 4.25, 6.5], "texture": "#1"},
				"west": {"uv": [7, 1.5, 7.25, 2.25], "texture": "#1"},
				"up": {"uv": [9.375, 2.25, 7.625, 2], "texture": "#1"},
				"down": {"uv": [9.375, 2.25, 7.625, 2.5], "texture": "#1"}
			}
		},
		{
			"name": "Gear",
			"from": [9.5, -10, 6.5],
			"to": [14.5, 8, 9.5],
			"rotation": {"angle": 0, "axis": "y", "origin": [20, -9, 0]},
			"faces": {
				"north": {"uv": [4.25, 1.25, 4.875, 3.5], "texture": "#1"},
				"east": {"uv": [1.125, 7.5, 1.5, 9.75], "texture": "#1"},
				"south": {"uv": [4.25, 3.5, 4.875, 5.75], "texture": "#1"},
				"west": {"uv": [1.5, 7.5, 1.875, 9.75], "texture": "#1"},
				"up": {"uv": [8.25, 4.75, 7.625, 4.375], "texture": "#1"},
				"down": {"uv": [8.25, 4.75, 7.625, 5.125], "texture": "#1"}
			}
		},
		{
			"name": "Gear3",
			"from": [9.5, -10, 6.5],
			"to": [14.5, 8, 9.5],
			"rotation": {"angle": -45, "axis": "x", "origin": [12, -1, 8]},
			"faces": {
				"north": {"uv": [4.875, 0, 5.5, 2.25], "texture": "#1"},
				"east": {"uv": [1.875, 7.5, 2.25, 9.75], "texture": "#1"},
				"south": {"uv": [4.875, 2.25, 5.5, 4.5], "texture": "#1"},
				"west": {"uv": [5.5, 7.5, 5.875, 9.75], "texture": "#1"},
				"up": {"uv": [8.25, 5.5, 7.625, 5.125], "texture": "#1"},
				"down": {"uv": [8.25, 5.5, 7.625, 5.875], "texture": "#1"}
			}
		},
		{
			"name": "Gear4",
			"from": [9.5, -10, 6.5],
			"to": [14.5, 8, 9.5],
			"rotation": {"angle": 45, "axis": "x", "origin": [12, -1, 8]},
			"faces": {
				"north": {"uv": [4.875, 4.5, 5.5, 6.75], "texture": "#1"},
				"east": {"uv": [5.875, 7.5, 6.25, 9.75], "texture": "#1"},
				"south": {"uv": [1.25, 5.25, 1.875, 7.5], "texture": "#1"},
				"west": {"uv": [6.25, 7.5, 6.625, 9.75], "texture": "#1"},
				"up": {"uv": [0.625, 8.125, 0, 7.75], "texture": "#1"},
				"down": {"uv": [2.875, 7.75, 2.25, 8.125], "texture": "#1"}
			}
		},
		{
			"name": "Gear5",
			"from": [9.5, -2.5, -1],
			"to": [14.5, 0.5, 17],
			"rotation": {"angle": 0, "axis": "y", "origin": [20, -9, 0]},
			"faces": {
				"north": {"uv": [7.75, 5.875, 8.375, 6.25], "texture": "#1"},
				"east": {"uv": [7.375, 0.75, 9.625, 1.125], "texture": "#1"},
				"south": {"uv": [7.75, 6.25, 8.375, 6.625], "texture": "#1"},
				"west": {"uv": [7.375, 1.125, 9.625, 1.5], "texture": "#1"},
				"up": {"uv": [2.5, 7.5, 1.875, 5.25], "texture": "#1"},
				"down": {"uv": [6.125, 0, 5.5, 2.25], "texture": "#1"}
			}
		},
		{
			"name": "GearCaseInner",
			"from": [8.55, -7, 2],
			"to": [13.45, 5, 14],
			"rotation": {"angle": 0, "axis": "y", "origin": [20, -9, 0]},
			"faces": {
				"north": {"uv": [3.25, 6.5, 3.875, 8], "texture": "#1"},
				"east": {"uv": [1.5, 0, 3, 1.5], "texture": "#1"},
				"south": {"uv": [6.75, 0, 7.375, 1.5], "texture": "#1"},
				"west": {"uv": [1.5, 1.5, 3, 3], "texture": "#1"},
				"up": {"uv": [5.5, 8.25, 4.875, 6.75], "texture": "#1"},
				"down": {"uv": [7.375, 6, 6.75, 7.5], "texture": "#1"}
			}
		}
	],
	"display": {
		"thirdperson_righthand": {
			"rotation": [75, 45, 0],
			"translation": [0, 2.5, 0],
			"scale": [0.375, 0.375, 0.375]
		},
		"thirdperson_lefthand": {
			"rotation": [75, 45, 0],
			"translation": [0, 2.5, 0],
			"scale": [0.375, 0.375, 0.375]
		},
		"firstperson_righthand": {
			"rotation": [0, 45, 0],
			"scale": [0.4, 0.4, 0.4]
		},
		"firstperson_lefthand": {
			"rotation": [0, 225, 0],
			"scale": [0.4, 0.4, 0.4]
		},
		"ground": {
			"translation": [0, 3, 0],
			"scale": [0.25, 0.25, 0.25]
		},
		"gui": {
			"rotation": [30, 225, 0],
			"translation": [0, 1.5, 0],
			"scale": [0.5, 0.5, 0.5]
		},
		"fixed": {
			"rotation": [0, 90, 0],
			"translation": [0, 2.25, 0],
			"scale": [0.45, 0.45, 0.45]
		}
	},
	"groups": [
		{
			"name": "cogwheel_shaftless",
			"origin": [8, 8, 8],
			"color": 0,
			"children": [0, 1, 2, 3, 4, 5, 6, 7]
		},
		{
			"name": "cogwheel_shaftless",
			"origin": [8, 8, 8],
			"color": 0,
			"children": [8, 9, 10, 11, 12]
		}
	]
}