{
	"credit": "Made with Blockbench",
	"parent": "create:block/large_wheels",
	"texture_size": [128, 128],
	"textures": {
		"0": "trackwork:block/large_wheels",
		"1": "trackwork:block/axis",
		"particle": "trackwork:block/large_wheels"
	},
	"elements": [
		{
			"name": "GearCaseOuter",
			"from": [9.5, -4, 5],
			"to": [14.5, 2, 11],
			"rotation": {"angle": 0, "axis": "y", "origin": [20.5, -9, 0]},
			"faces": {
				"north": {"uv": [4.25, 6.5, 4.875, 7.25], "texture": "#0"},
				"east": {"uv": [2.75, 6.375, 3.5, 7.125], "texture": "#0"},
				"south": {"uv": [4.875, 6.625, 5.5, 7.375], "texture": "#0"},
				"west": {"uv": [6.5, 1, 7.25, 1.75], "texture": "#0"},
				"up": {"uv": [6.125, 7.375, 5.5, 6.625], "texture": "#0"},
				"down": {"uv": [6.75, 6.625, 6.125, 7.375], "texture": "#0"}
			}
		},
		{
			"name": "GearCaseOuter",
			"from": [8.5, 9, 2],
			"to": [14.5, 13, 14],
			"rotation": {"angle": 0, "axis": "y", "origin": [20.5, -9, 0]},
			"faces": {
				"north": {"uv": [6.5, 2.5, 7.25, 3], "texture": "#0"},
				"east": {"uv": [5.25, 4.125, 6.75, 4.625], "texture": "#0"},
				"south": {"uv": [1.25, 6.875, 2, 7.375], "texture": "#0"},
				"west": {"uv": [5.25, 4.625, 6.75, 5.125], "texture": "#0"},
				"up": {"uv": [4.5, 1.5, 3.75, 0], "texture": "#0"},
				"down": {"uv": [4.5, 1.5, 3.75, 3], "texture": "#0"}
			}
		},
		{
			"name": "GearCaseOuter",
			"from": [8.5, 8, 13.6],
			"to": [14.48, 12, 24.9],
			"rotation": {"angle": 45, "axis": "x", "origin": [10.5, 12, 15]},
			"faces": {
				"north": {"uv": [2, 6.875, 2.75, 7.375], "texture": "#0"},
				"east": {"uv": [3.75, 6, 5.125, 6.5], "texture": "#0"},
				"south": {"uv": [2.75, 7.125, 3.5, 7.625], "texture": "#0"},
				"west": {"uv": [6.25, 5.125, 7.625, 5.625], "texture": "#0"},
				"up": {"uv": [0.75, 6.375, 0, 5], "texture": "#0"},
				"down": {"uv": [1.5, 5, 0.75, 6.375], "texture": "#0"}
			}
		},
		{
			"name": "GearCaseOuter",
			"from": [8.5, 8, -8.9],
			"to": [14.48, 12, 2.4],
			"rotation": {"angle": -45, "axis": "x", "origin": [10.5, 12, 1]},
			"faces": {
				"north": {"uv": [7.25, 1, 8, 1.5], "texture": "#0"},
				"east": {"uv": [6.25, 5.625, 7.625, 6.125], "texture": "#0"},
				"south": {"uv": [7.25, 1.5, 8, 2], "texture": "#0"},
				"west": {"uv": [6.25, 6.125, 7.625, 6.625], "texture": "#0"},
				"up": {"uv": [2.25, 6.375, 1.5, 5], "texture": "#0"},
				"down": {"uv": [3, 5, 2.25, 6.375], "texture": "#0"}
			}
		},
		{
			"name": "GearCaseOuter",
			"from": [8.5, -14, -8.9],
			"to": [14.48, -10, 2.4],
			"rotation": {"angle": 45, "axis": "x", "origin": [10.5, -14, 1]},
			"faces": {
				"north": {"uv": [7.25, 2, 8, 2.5], "texture": "#0"},
				"east": {"uv": [0, 6.375, 1.375, 6.875], "texture": "#0"},
				"south": {"uv": [7.25, 2.5, 8, 3], "texture": "#0"},
				"west": {"uv": [1.375, 6.375, 2.75, 6.875], "texture": "#0"},
				"up": {"uv": [3.75, 6.375, 3, 5], "texture": "#0"},
				"down": {"uv": [6, 0, 5.25, 1.375], "texture": "#0"}
			}
		},
		{
			"name": "GearCaseOuter",
			"from": [8.5, -14, 13.6],
			"to": [14.48, -10, 24.9],
			"rotation": {"angle": -45, "axis": "x", "origin": [10.5, -14, 15]},
			"faces": {
				"north": {"uv": [3.5, 7.25, 4.25, 7.75], "texture": "#0"},
				"east": {"uv": [6.5, 0, 7.875, 0.5], "texture": "#0"},
				"south": {"uv": [1.25, 7.375, 2, 7.875], "texture": "#0"},
				"west": {"uv": [6.5, 0.5, 7.875, 1], "texture": "#0"},
				"up": {"uv": [6, 2.75, 5.25, 1.375], "texture": "#0"},
				"down": {"uv": [6, 2.75, 5.25, 4.125], "texture": "#0"}
			}
		},
		{
			"name": "GearCaseOuter",
			"from": [8.5, -7, 18],
			"to": [14.5, 5, 22],
			"rotation": {"angle": 0, "axis": "y", "origin": [20.5, -9, 0]},
			"faces": {
				"north": {"uv": [3.75, 3, 4.5, 4.5], "texture": "#0"},
				"east": {"uv": [5.25, 5.125, 5.75, 6.625], "texture": "#0"},
				"south": {"uv": [4.5, 0, 5.25, 1.5], "texture": "#0"},
				"west": {"uv": [5.75, 5.125, 6.25, 6.625], "texture": "#0"},
				"up": {"uv": [2.75, 7.875, 2, 7.375], "texture": "#0"},
				"down": {"uv": [8.125, 4, 7.375, 4.5], "texture": "#0"}
			}
		},
		{
			"name": "GearCaseOuter",
			"from": [14.51, -8, 20],
			"to": [14.51, 6, 21],
			"rotation": {"angle": 0, "axis": "y", "origin": [26.5, -9, 0]},
			"faces": {
				"north": {"uv": [0, 0, 0, 1.75], "texture": "#0"},
				"east": {"uv": [0.375, 7.625, 0.5, 9.375], "texture": "#0"},
				"south": {"uv": [0, 0, 0, 1.75], "texture": "#0"},
				"west": {"uv": [0.5, 7.625, 0.625, 9.375], "texture": "#0"},
				"up": {"uv": [0, 0.125, 0, 0], "texture": "#0"},
				"down": {"uv": [0, 0, 0, 0.125], "texture": "#0"}
			}
		},
		{
			"name": "GearCaseOuter",
			"from": [14.51, -8, -5],
			"to": [14.51, 6, -4],
			"rotation": {"angle": 0, "axis": "y", "origin": [26.5, -9, -25]},
			"faces": {
				"north": {"uv": [0, 0, 0, 1.75], "texture": "#0"},
				"east": {"uv": [0.625, 7.625, 0.75, 9.375], "texture": "#0"},
				"south": {"uv": [0, 0, 0, 1.75], "texture": "#0"},
				"west": {"uv": [0.75, 7.625, 0.875, 9.375], "texture": "#0"},
				"up": {"uv": [0, 0.125, 0, 0], "texture": "#0"},
				"down": {"uv": [0, 0, 0, 0.125], "texture": "#0"}
			}
		},
		{
			"name": "GearCaseOuter",
			"from": [14.51, -9, 19],
			"to": [14.51, 7, 20],
			"rotation": {"angle": 0, "axis": "y", "origin": [26.5, -9, -1]},
			"faces": {
				"north": {"uv": [0, 0, 0, 2], "texture": "#0"},
				"east": {"uv": [7.25, 7.375, 7.375, 9.375], "texture": "#0"},
				"south": {"uv": [0, 0, 0, 2], "texture": "#0"},
				"west": {"uv": [0, 7.625, 0.125, 9.625], "texture": "#0"},
				"up": {"uv": [0, 0.125, 0, 0], "texture": "#0"},
				"down": {"uv": [0, 0, 0, 0.125], "texture": "#0"}
			}
		},
		{
			"name": "GearCaseOuter",
			"from": [14.51, -9, -4],
			"to": [14.51, 7, -3],
			"rotation": {"angle": 0, "axis": "y", "origin": [26.5, -9, -24]},
			"faces": {
				"north": {"uv": [0, 0, 0, 2], "texture": "#0"},
				"east": {"uv": [0.125, 7.625, 0.25, 9.625], "texture": "#0"},
				"south": {"uv": [0, 0, 0, 2], "texture": "#0"},
				"west": {"uv": [0.25, 7.625, 0.375, 9.625], "texture": "#0"},
				"up": {"uv": [0, 0.125, 0, 0], "texture": "#0"},
				"down": {"uv": [0, 0, 0, 0.125], "texture": "#0"}
			}
		},
		{
			"name": "GearCaseOuter",
			"from": [14.51, 4, 18],
			"to": [14.51, 8, 19],
			"rotation": {"angle": 0, "axis": "y", "origin": [26.5, -7, -2]},
			"faces": {
				"north": {"uv": [0, 0, 0, 0.5], "texture": "#0"},
				"east": {"uv": [5.125, 6, 5.25, 6.5], "texture": "#0"},
				"south": {"uv": [0, 0, 0, 0.5], "texture": "#0"},
				"west": {"uv": [0.875, 7.625, 1, 8.125], "texture": "#0"},
				"up": {"uv": [0, 0.125, 0, 0], "texture": "#0"},
				"down": {"uv": [0, 0, 0, 0.125], "texture": "#0"}
			}
		},
		{
			"name": "GearCaseOuter",
			"from": [14.51, 5, 17],
			"to": [14.51, 9, 18],
			"rotation": {"angle": 0, "axis": "y", "origin": [26.5, -6, -3]},
			"faces": {
				"north": {"uv": [0, 0, 0, 0.5], "texture": "#0"},
				"east": {"uv": [1, 7.625, 1.125, 8.125], "texture": "#0"},
				"south": {"uv": [0, 0, 0, 0.5], "texture": "#0"},
				"west": {"uv": [1.125, 7.625, 1.25, 8.125], "texture": "#0"},
				"up": {"uv": [0, 0.125, 0, 0], "texture": "#0"},
				"down": {"uv": [0, 0, 0, 0.125], "texture": "#0"}
			}
		},
		{
			"name": "GearCaseOuter",
			"from": [14.51, 6, 16],
			"to": [14.51, 10, 17],
			"rotation": {"angle": 0, "axis": "y", "origin": [26.5, -5, -4]},
			"faces": {
				"north": {"uv": [0, 0, 0, 0.5], "texture": "#0"},
				"east": {"uv": [2.75, 7.625, 2.875, 8.125], "texture": "#0"},
				"south": {"uv": [0, 0, 0, 0.5], "texture": "#0"},
				"west": {"uv": [2.875, 7.625, 3, 8.125], "texture": "#0"},
				"up": {"uv": [0, 0.125, 0, 0], "texture": "#0"},
				"down": {"uv": [0, 0, 0, 0.125], "texture": "#0"}
			}
		},
		{
			"name": "GearCaseOuter",
			"from": [14.51, 7, 15],
			"to": [14.51, 11, 16],
			"rotation": {"angle": 0, "axis": "y", "origin": [26.5, -4, -5]},
			"faces": {
				"north": {"uv": [0, 0, 0, 0.5], "texture": "#0"},
				"east": {"uv": [3, 7.625, 3.125, 8.125], "texture": "#0"},
				"south": {"uv": [0, 0, 0, 0.5], "texture": "#0"},
				"west": {"uv": [3.125, 7.625, 3.25, 8.125], "texture": "#0"},
				"up": {"uv": [0, 0.125, 0, 0], "texture": "#0"},
				"down": {"uv": [0, 0, 0, 0.125], "texture": "#0"}
			}
		},
		{
			"name": "GearCaseOuter",
			"from": [14.51, 8, 14],
			"to": [14.51, 12, 15],
			"rotation": {"angle": 0, "axis": "y", "origin": [26.5, -3, -6]},
			"faces": {
				"north": {"uv": [0, 0, 0, 0.5], "texture": "#0"},
				"east": {"uv": [3.25, 7.625, 3.375, 8.125], "texture": "#0"},
				"south": {"uv": [0, 0, 0, 0.5], "texture": "#0"},
				"west": {"uv": [3.375, 7.625, 3.5, 8.125], "texture": "#0"},
				"up": {"uv": [0, 0.125, 0, 0], "texture": "#0"},
				"down": {"uv": [0, 0, 0, 0.125], "texture": "#0"}
			}
		},
		{
			"name": "GearCaseOuter",
			"from": [14.51, 8, 1],
			"to": [14.51, 12, 2],
			"rotation": {"angle": 0, "axis": "y", "origin": [26.5, -3, 22]},
			"faces": {
				"north": {"uv": [0, 0, 0, 0.5], "texture": "#0"},
				"east": {"uv": [4.25, 7.625, 4.375, 8.125], "texture": "#0"},
				"south": {"uv": [0, 0, 0, 0.5], "texture": "#0"},
				"west": {"uv": [4.375, 7.625, 4.5, 8.125], "texture": "#0"},
				"up": {"uv": [0, 0.125, 0, 0], "texture": "#0"},
				"down": {"uv": [0, 0, 0, 0.125], "texture": "#0"}
			}
		},
		{
			"name": "GearCaseOuter",
			"from": [14.51, 7, 0],
			"to": [14.51, 11, 1],
			"rotation": {"angle": 0, "axis": "y", "origin": [26.5, -4, 21]},
			"faces": {
				"north": {"uv": [0, 0, 0, 0.5], "texture": "#0"},
				"east": {"uv": [4.5, 7.625, 4.625, 8.125], "texture": "#0"},
				"south": {"uv": [0, 0, 0, 0.5], "texture": "#0"},
				"west": {"uv": [4.625, 7.625, 4.75, 8.125], "texture": "#0"},
				"up": {"uv": [0, 0.125, 0, 0], "texture": "#0"},
				"down": {"uv": [0, 0, 0, 0.125], "texture": "#0"}
			}
		},
		{
			"name": "GearCaseOuter",
			"from": [14.51, 6, -1],
			"to": [14.51, 10, 0],
			"rotation": {"angle": 0, "axis": "y", "origin": [26.5, -5, 20]},
			"faces": {
				"north": {"uv": [0, 0, 0, 0.5], "texture": "#0"},
				"east": {"uv": [4.75, 7.625, 4.875, 8.125], "texture": "#0"},
				"south": {"uv": [0, 0, 0, 0.5], "texture": "#0"},
				"west": {"uv": [4.875, 7.625, 5, 8.125], "texture": "#0"},
				"up": {"uv": [0, 0.125, 0, 0], "texture": "#0"},
				"down": {"uv": [0, 0, 0, 0.125], "texture": "#0"}
			}
		},
		{
			"name": "GearCaseOuter",
			"from": [14.51, 5, -2],
			"to": [14.51, 9, -1],
			"rotation": {"angle": 0, "axis": "y", "origin": [26.5, -6, 19]},
			"faces": {
				"north": {"uv": [0, 0, 0, 0.5], "texture": "#0"},
				"east": {"uv": [5, 7.625, 5.125, 8.125], "texture": "#0"},
				"south": {"uv": [0, 0, 0, 0.5], "texture": "#0"},
				"west": {"uv": [7.625, 5, 7.75, 5.5], "texture": "#0"},
				"up": {"uv": [0, 0.125, 0, 0], "texture": "#0"},
				"down": {"uv": [0, 0, 0, 0.125], "texture": "#0"}
			}
		},
		{
			"name": "GearCaseOuter",
			"from": [14.51, 4, -3],
			"to": [14.51, 8, -2],
			"rotation": {"angle": 0, "axis": "y", "origin": [26.5, -7, 18]},
			"faces": {
				"north": {"uv": [0, 0, 0, 0.5], "texture": "#0"},
				"east": {"uv": [5.125, 7.625, 5.25, 8.125], "texture": "#0"},
				"south": {"uv": [0, 0, 0, 0.5], "texture": "#0"},
				"west": {"uv": [5.25, 7.625, 5.375, 8.125], "texture": "#0"},
				"up": {"uv": [0, 0.125, 0, 0], "texture": "#0"},
				"down": {"uv": [0, 0, 0, 0.125], "texture": "#0"}
			}
		},
		{
			"name": "GearCaseOuter",
			"from": [14.51, -14, 1],
			"to": [14.51, -10, 2],
			"rotation": {"angle": 0, "axis": "y", "origin": [26.5, 1, 22]},
			"faces": {
				"north": {"uv": [0, 0, 0, 0.5], "texture": "#0"},
				"east": {"uv": [5.375, 7.625, 5.5, 8.125], "texture": "#0"},
				"south": {"uv": [0, 0, 0, 0.5], "texture": "#0"},
				"west": {"uv": [5.5, 7.625, 5.625, 8.125], "texture": "#0"},
				"up": {"uv": [0, 0.125, 0, 0], "texture": "#0"},
				"down": {"uv": [0, 0, 0, 0.125], "texture": "#0"}
			}
		},
		{
			"name": "GearCaseOuter",
			"from": [14.51, -13, 0],
			"to": [14.51, -9, 1],
			"rotation": {"angle": 0, "axis": "y", "origin": [26.5, 2, 21]},
			"faces": {
				"north": {"uv": [0, 0, 0, 0.5], "texture": "#0"},
				"east": {"uv": [7.625, 5.5, 7.75, 6], "texture": "#0"},
				"south": {"uv": [0, 0, 0, 0.5], "texture": "#0"},
				"west": {"uv": [5.625, 7.625, 5.75, 8.125], "texture": "#0"},
				"up": {"uv": [0, 0.125, 0, 0], "texture": "#0"},
				"down": {"uv": [0, 0, 0, 0.125], "texture": "#0"}
			}
		},
		{
			"name": "GearCaseOuter",
			"from": [14.51, -12, -1],
			"to": [14.51, -8, 0],
			"rotation": {"angle": 0, "axis": "y", "origin": [26.5, 3, 20]},
			"faces": {
				"north": {"uv": [0, 0, 0, 0.5], "texture": "#0"},
				"east": {"uv": [5.75, 7.625, 5.875, 8.125], "texture": "#0"},
				"south": {"uv": [0, 0, 0, 0.5], "texture": "#0"},
				"west": {"uv": [5.875, 7.625, 6, 8.125], "texture": "#0"},
				"up": {"uv": [0, 0.125, 0, 0], "texture": "#0"},
				"down": {"uv": [0, 0, 0, 0.125], "texture": "#0"}
			}
		},
		{
			"name": "GearCaseOuter",
			"from": [14.51, -11, -2],
			"to": [14.51, -7, -1],
			"rotation": {"angle": 0, "axis": "y", "origin": [26.5, 4, 19]},
			"faces": {
				"north": {"uv": [0, 0, 0, 0.5], "texture": "#0"},
				"east": {"uv": [6, 7.625, 6.125, 8.125], "texture": "#0"},
				"south": {"uv": [0, 0, 0, 0.5], "texture": "#0"},
				"west": {"uv": [7.625, 6, 7.75, 6.5], "texture": "#0"},
				"up": {"uv": [0, 0.125, 0, 0], "texture": "#0"},
				"down": {"uv": [0, 0, 0, 0.125], "texture": "#0"}
			}
		},
		{
			"name": "GearCaseOuter",
			"from": [14.51, -10, -3],
			"to": [14.51, -6, -2],
			"rotation": {"angle": 0, "axis": "y", "origin": [26.5, 5, 18]},
			"faces": {
				"north": {"uv": [0, 0, 0, 0.5], "texture": "#0"},
				"east": {"uv": [6.125, 7.625, 6.25, 8.125], "texture": "#0"},
				"south": {"uv": [0, 0, 0, 0.5], "texture": "#0"},
				"west": {"uv": [6.25, 7.625, 6.375, 8.125], "texture": "#0"},
				"up": {"uv": [0, 0.125, 0, 0], "texture": "#0"},
				"down": {"uv": [0, 0, 0, 0.125], "texture": "#0"}
			}
		},
		{
			"name": "GearCaseOuter",
			"from": [14.51, -10, 18],
			"to": [14.51, -6, 19],
			"rotation": {"angle": 0, "axis": "y", "origin": [26.5, 5, -2]},
			"faces": {
				"north": {"uv": [0, 0, 0, 0.5], "texture": "#0"},
				"east": {"uv": [6.375, 7.625, 6.5, 8.125], "texture": "#0"},
				"south": {"uv": [0, 0, 0, 0.5], "texture": "#0"},
				"west": {"uv": [6.5, 7.625, 6.625, 8.125], "texture": "#0"},
				"up": {"uv": [0, 0.125, 0, 0], "texture": "#0"},
				"down": {"uv": [0, 0, 0, 0.125], "texture": "#0"}
			}
		},
		{
			"name": "GearCaseOuter",
			"from": [14.51, -11, 17],
			"to": [14.51, -7, 18],
			"rotation": {"angle": 0, "axis": "y", "origin": [26.5, 4, -3]},
			"faces": {
				"north": {"uv": [0, 0, 0, 0.5], "texture": "#0"},
				"east": {"uv": [6.625, 7.625, 6.75, 8.125], "texture": "#0"},
				"south": {"uv": [0, 0, 0, 0.5], "texture": "#0"},
				"west": {"uv": [6.75, 7.625, 6.875, 8.125], "texture": "#0"},
				"up": {"uv": [0, 0.125, 0, 0], "texture": "#0"},
				"down": {"uv": [0, 0, 0, 0.125], "texture": "#0"}
			}
		},
		{
			"name": "GearCaseOuter",
			"from": [14.51, -12, 16],
			"to": [14.51, -8, 17],
			"rotation": {"angle": 0, "axis": "y", "origin": [26.5, 3, -4]},
			"faces": {
				"north": {"uv": [0, 0, 0, 0.5], "texture": "#0"},
				"east": {"uv": [6.875, 7.625, 7, 8.125], "texture": "#0"},
				"south": {"uv": [0, 0, 0, 0.5], "texture": "#0"},
				"west": {"uv": [7, 7.625, 7.125, 8.125], "texture": "#0"},
				"up": {"uv": [0, 0.125, 0, 0], "texture": "#0"},
				"down": {"uv": [0, 0, 0, 0.125], "texture": "#0"}
			}
		},
		{
			"name": "GearCaseOuter",
			"from": [14.51, -13, 15],
			"to": [14.51, -9, 16],
			"rotation": {"angle": 0, "axis": "y", "origin": [26.5, 2, -5]},
			"faces": {
				"north": {"uv": [0, 0, 0, 0.5], "texture": "#0"},
				"east": {"uv": [7.125, 7.625, 7.25, 8.125], "texture": "#0"},
				"south": {"uv": [0, 0, 0, 0.5], "texture": "#0"},
				"west": {"uv": [7.375, 7.625, 7.5, 8.125], "texture": "#0"},
				"up": {"uv": [0, 0.125, 0, 0], "texture": "#0"},
				"down": {"uv": [0, 0, 0, 0.125], "texture": "#0"}
			}
		},
		{
			"name": "GearCaseOuter",
			"from": [14.51, -14, 14],
			"to": [14.51, -10, 15],
			"rotation": {"angle": 0, "axis": "y", "origin": [26.5, 1, -6]},
			"faces": {
				"north": {"uv": [0, 0, 0, 0.5], "texture": "#0"},
				"east": {"uv": [7.5, 7.625, 7.625, 8.125], "texture": "#0"},
				"south": {"uv": [0, 0, 0, 0.5], "texture": "#0"},
				"west": {"uv": [7.625, 7.625, 7.75, 8.125], "texture": "#0"},
				"up": {"uv": [0, 0.125, 0, 0], "texture": "#0"},
				"down": {"uv": [0, 0, 0, 0.125], "texture": "#0"}
			}
		},
		{
			"name": "GearCaseOuter",
			"from": [14.51, -14, 2],
			"to": [14.51, -12, 14],
			"rotation": {"angle": 0, "axis": "y", "origin": [26.5, -27, -7]},
			"faces": {
				"north": {"uv": [0, 0, 0, 0.25], "texture": "#0"},
				"east": {"uv": [6.75, 4.75, 8.25, 5], "texture": "#0"},
				"south": {"uv": [0, 0, 0, 0.25], "texture": "#0"},
				"west": {"uv": [4.25, 7.375, 5.75, 7.625], "texture": "#0"},
				"up": {"uv": [0, 1.5, 0, 0], "texture": "#0"},
				"down": {"uv": [0, 0, 0, 1.5], "texture": "#0"}
			}
		},
		{
			"name": "GearCaseOuter",
			"from": [14.51, 10, 2],
			"to": [14.51, 12, 14],
			"rotation": {"angle": 0, "axis": "y", "origin": [26.5, -3, -7]},
			"faces": {
				"north": {"uv": [0, 0, 0, 0.25], "texture": "#0"},
				"east": {"uv": [7.375, 4.5, 8.875, 4.75], "texture": "#0"},
				"south": {"uv": [0, 0, 0, 0.25], "texture": "#0"},
				"west": {"uv": [5.75, 7.375, 7.25, 7.625], "texture": "#0"},
				"up": {"uv": [0, 1.5, 0, 0], "texture": "#0"},
				"down": {"uv": [0, 0, 0, 1.5], "texture": "#0"}
			}
		},
		{
			"name": "GearCaseOuter",
			"from": [8.5, -7, -6],
			"to": [14.5, 5, -2],
			"rotation": {"angle": 0, "axis": "y", "origin": [20.5, -9, 0]},
			"faces": {
				"north": {"uv": [4.5, 1.5, 5.25, 3], "texture": "#0"},
				"east": {"uv": [6, 0, 6.5, 1.5], "texture": "#0"},
				"south": {"uv": [4.5, 3, 5.25, 4.5], "texture": "#0"},
				"west": {"uv": [6, 1.5, 6.5, 3], "texture": "#0"},
				"up": {"uv": [8.125, 7.125, 7.375, 6.625], "texture": "#0"},
				"down": {"uv": [8.125, 7.125, 7.375, 7.625], "texture": "#0"}
			}
		},
		{
			"name": "GearCaseOuter",
			"from": [8.5, -15, 2],
			"to": [14.5, -11, 14],
			"rotation": {"angle": 0, "axis": "y", "origin": [20.5, -9, 0]},
			"faces": {
				"north": {"uv": [7.5, 3, 8.25, 3.5], "texture": "#0"},
				"east": {"uv": [6, 3, 7.5, 3.5], "texture": "#0"},
				"south": {"uv": [7.5, 3.5, 8.25, 4], "texture": "#0"},
				"west": {"uv": [6, 3.5, 7.5, 4], "texture": "#0"},
				"up": {"uv": [4.5, 6, 3.75, 4.5], "texture": "#0"},
				"down": {"uv": [5.25, 4.5, 4.5, 6], "texture": "#0"}
			}
		},
		{
			"name": "GearCaseOuter",
			"from": [7.5, -4, 5],
			"to": [12.5, 2, 11],
			"rotation": {"angle": 0, "axis": "y", "origin": [20.5, -9, 0]},
			"faces": {
				"north": {"uv": [6.75, 4, 7.375, 4.75], "texture": "#0"},
				"east": {"uv": [6.5, 1.75, 7.25, 2.5], "texture": "#0"},
				"south": {"uv": [6.75, 6.625, 7.375, 7.375], "texture": "#0"},
				"west": {"uv": [3.5, 6.5, 4.25, 7.25], "texture": "#0"},
				"up": {"uv": [0.625, 7.625, 0, 6.875], "texture": "#0"},
				"down": {"uv": [1.25, 6.875, 0.625, 7.625], "texture": "#0"}
			}
		},
		{
			"name": "GearCaseOuter",
			"from": [8.5, -11, -2],
			"to": [13.5, 9, 18],
			"rotation": {"angle": 0, "axis": "y", "origin": [20.5, -9, 0]},
			"faces": {
				"north": {"uv": [2.5, 0, 3.125, 2.5], "texture": "#0"},
				"east": {"uv": [0, 0, 2.5, 2.5], "texture": "#0"},
				"south": {"uv": [2.5, 2.5, 3.125, 5], "texture": "#0"},
				"west": {"uv": [0, 2.5, 2.5, 5], "texture": "#0"},
				"up": {"uv": [3.75, 2.5, 3.125, 0], "texture": "#0"},
				"down": {"uv": [3.75, 2.5, 3.125, 5], "texture": "#0"}
			}
		},
		{
			"from": [12, -2, -1.5],
			"to": [14, 0, 0.5],
			"rotation": {"angle": 0, "axis": "y", "origin": [15.5, -1, 8]},
			"faces": {
				"north": {"uv": [3.5, 7.75, 3.75, 8], "texture": "#0"},
				"east": {"uv": [3.75, 7.75, 4, 8], "texture": "#0"},
				"south": {"uv": [4, 7.75, 4.25, 8], "texture": "#0"},
				"west": {"uv": [7.75, 5, 8, 5.25], "texture": "#0"},
				"up": {"uv": [8, 5.5, 7.75, 5.25], "texture": "#0"},
				"down": {"uv": [8, 5.5, 7.75, 5.75], "texture": "#0"}
			}
		},
		{
			"from": [12, -2, -1.5],
			"to": [14, 0, 0.5],
			"rotation": {"angle": 45, "axis": "x", "origin": [15.5, -1, 8]},
			"faces": {
				"north": {"uv": [3.5, 7.75, 3.75, 8], "texture": "#0"},
				"east": {"uv": [3.75, 7.75, 4, 8], "texture": "#0"},
				"south": {"uv": [4, 7.75, 4.25, 8], "texture": "#0"},
				"west": {"uv": [7.75, 5, 8, 5.25], "texture": "#0"},
				"up": {"uv": [8, 5.5, 7.75, 5.25], "texture": "#0"},
				"down": {"uv": [8, 5.5, 7.75, 5.75], "texture": "#0"}
			}
		},
		{
			"from": [12, 6.5, 7],
			"to": [14, 8.5, 9],
			"rotation": {"angle": 0, "axis": "y", "origin": [15.5, -1, 8]},
			"faces": {
				"north": {"uv": [8, 5.5, 7.75, 5.75], "rotation": 180, "texture": "#0"},
				"east": {"uv": [3.75, 7.75, 4, 8], "rotation": 270, "texture": "#0"},
				"south": {"uv": [8, 5.5, 7.75, 5.25], "texture": "#0"},
				"west": {"uv": [7.75, 5, 8, 5.25], "rotation": 90, "texture": "#0"},
				"up": {"uv": [3.5, 7.75, 3.75, 8], "rotation": 180, "texture": "#0"},
				"down": {"uv": [4, 7.75, 4.25, 8], "texture": "#0"}
			}
		},
		{
			"from": [12, 6.5, 7],
			"to": [14, 8.5, 9],
			"rotation": {"angle": 45, "axis": "x", "origin": [15.5, -1, 8]},
			"faces": {
				"north": {"uv": [8, 5.5, 7.75, 5.75], "rotation": 180, "texture": "#0"},
				"east": {"uv": [3.75, 7.75, 4, 8], "rotation": 270, "texture": "#0"},
				"south": {"uv": [8, 5.5, 7.75, 5.25], "texture": "#0"},
				"west": {"uv": [7.75, 5, 8, 5.25], "rotation": 90, "texture": "#0"},
				"up": {"uv": [3.5, 7.75, 3.75, 8], "rotation": 180, "texture": "#0"},
				"down": {"uv": [4, 7.75, 4.25, 8], "texture": "#0"}
			}
		},
		{
			"from": [12, -2, 15.5],
			"to": [14, 0, 17.5],
			"rotation": {"angle": 0, "axis": "y", "origin": [15.5, -1, 8]},
			"faces": {
				"north": {"uv": [4, 7.75, 4.25, 8], "rotation": 180, "texture": "#0"},
				"east": {"uv": [3.75, 7.75, 4, 8], "rotation": 180, "texture": "#0"},
				"south": {"uv": [3.5, 7.75, 3.75, 8], "rotation": 180, "texture": "#0"},
				"west": {"uv": [7.75, 5, 8, 5.25], "rotation": 180, "texture": "#0"},
				"up": {"uv": [8, 5.5, 7.75, 5.75], "texture": "#0"},
				"down": {"uv": [8, 5.5, 7.75, 5.25], "texture": "#0"}
			}
		},
		{
			"from": [12, -2, 15.5],
			"to": [14, 0, 17.5],
			"rotation": {"angle": 45, "axis": "x", "origin": [15.5, -1, 8]},
			"faces": {
				"north": {"uv": [4, 7.75, 4.25, 8], "rotation": 180, "texture": "#0"},
				"east": {"uv": [3.75, 7.75, 4, 8], "rotation": 180, "texture": "#0"},
				"south": {"uv": [3.5, 7.75, 3.75, 8], "rotation": 180, "texture": "#0"},
				"west": {"uv": [7.75, 5, 8, 5.25], "rotation": 180, "texture": "#0"},
				"up": {"uv": [8, 5.5, 7.75, 5.75], "texture": "#0"},
				"down": {"uv": [8, 5.5, 7.75, 5.25], "texture": "#0"}
			}
		},
		{
			"from": [12, -10.5, 7],
			"to": [14, -8.5, 9],
			"rotation": {"angle": 0, "axis": "y", "origin": [15.5, -1, 8]},
			"faces": {
				"north": {"uv": [8, 5.5, 7.75, 5.25], "rotation": 180, "texture": "#0"},
				"east": {"uv": [3.75, 7.75, 4, 8], "rotation": 90, "texture": "#0"},
				"south": {"uv": [8, 5.5, 7.75, 5.75], "texture": "#0"},
				"west": {"uv": [7.75, 5, 8, 5.25], "rotation": 270, "texture": "#0"},
				"up": {"uv": [4, 7.75, 4.25, 8], "texture": "#0"},
				"down": {"uv": [3.5, 7.75, 3.75, 8], "rotation": 180, "texture": "#0"}
			}
		},
		{
			"from": [12, -10.5, 7],
			"to": [14, -8.5, 9],
			"rotation": {"angle": 45, "axis": "x", "origin": [15.5, -1, 8]},
			"faces": {
				"north": {"uv": [8, 5.5, 7.75, 5.25], "rotation": 180, "texture": "#0"},
				"east": {"uv": [3.75, 7.75, 4, 8], "rotation": 90, "texture": "#0"},
				"south": {"uv": [8, 5.5, 7.75, 5.75], "texture": "#0"},
				"west": {"uv": [7.75, 5, 8, 5.25], "rotation": 270, "texture": "#0"},
				"up": {"uv": [4, 7.75, 4.25, 8], "texture": "#0"},
				"down": {"uv": [3.5, 7.75, 3.75, 8], "rotation": 180, "texture": "#0"}
			}
		},
		{
			"name": "GearCaseOuter",
			"from": [1.5, -4, 5],
			"to": [6.5, 2, 11],
			"rotation": {"angle": 0, "axis": "y", "origin": [-4.5, -9, 0]},
			"faces": {
				"north": {"uv": [4.875, 6.5, 4.25, 7.25], "texture": "#0"},
				"east": {"uv": [7.25, 1, 6.5, 1.75], "texture": "#0"},
				"south": {"uv": [5.5, 6.625, 4.875, 7.375], "texture": "#0"},
				"west": {"uv": [3.5, 6.375, 2.75, 7.125], "texture": "#0"},
				"up": {"uv": [5.5, 7.375, 6.125, 6.625], "texture": "#0"},
				"down": {"uv": [6.125, 6.625, 6.75, 7.375], "texture": "#0"}
			}
		},
		{
			"name": "GearCaseOuter",
			"from": [1.5, 9, 2],
			"to": [7.5, 13, 14],
			"rotation": {"angle": 0, "axis": "y", "origin": [-4.5, -9, 0]},
			"faces": {
				"north": {"uv": [7.25, 2.5, 6.5, 3], "texture": "#0"},
				"east": {"uv": [6.75, 4.625, 5.25, 5.125], "texture": "#0"},
				"south": {"uv": [2, 6.875, 1.25, 7.375], "texture": "#0"},
				"west": {"uv": [6.75, 4.125, 5.25, 4.625], "texture": "#0"},
				"up": {"uv": [3.75, 1.5, 4.5, 0], "texture": "#0"},
				"down": {"uv": [3.75, 1.5, 4.5, 3], "texture": "#0"}
			}
		},
		{
			"name": "GearCaseOuter",
			"from": [1.52, 8, 13.6],
			"to": [7.5, 12, 24.9],
			"rotation": {"angle": 45, "axis": "x", "origin": [5.5, 12, 15]},
			"faces": {
				"north": {"uv": [2.75, 6.875, 2, 7.375], "texture": "#0"},
				"east": {"uv": [7.625, 5.125, 6.25, 5.625], "texture": "#0"},
				"south": {"uv": [3.5, 7.125, 2.75, 7.625], "texture": "#0"},
				"west": {"uv": [5.125, 6, 3.75, 6.5], "texture": "#0"},
				"up": {"uv": [0, 6.375, 0.75, 5], "texture": "#0"},
				"down": {"uv": [0.75, 5, 1.5, 6.375], "texture": "#0"}
			}
		},
		{
			"name": "GearCaseOuter",
			"from": [1.52, 8, -8.9],
			"to": [7.5, 12, 2.4],
			"rotation": {"angle": -45, "axis": "x", "origin": [5.5, 12, 1]},
			"faces": {
				"north": {"uv": [8, 1, 7.25, 1.5], "texture": "#0"},
				"east": {"uv": [7.625, 6.125, 6.25, 6.625], "texture": "#0"},
				"south": {"uv": [8, 1.5, 7.25, 2], "texture": "#0"},
				"west": {"uv": [7.625, 5.625, 6.25, 6.125], "texture": "#0"},
				"up": {"uv": [1.5, 6.375, 2.25, 5], "texture": "#0"},
				"down": {"uv": [2.25, 5, 3, 6.375], "texture": "#0"}
			}
		},
		{
			"name": "GearCaseOuter",
			"from": [1.52, -14, -8.9],
			"to": [7.5, -10, 2.4],
			"rotation": {"angle": 45, "axis": "x", "origin": [5.5, -14, 1]},
			"faces": {
				"north": {"uv": [8, 2, 7.25, 2.5], "texture": "#0"},
				"east": {"uv": [2.75, 6.375, 1.375, 6.875], "texture": "#0"},
				"south": {"uv": [8, 2.5, 7.25, 3], "texture": "#0"},
				"west": {"uv": [1.375, 6.375, 0, 6.875], "texture": "#0"},
				"up": {"uv": [3, 6.375, 3.75, 5], "texture": "#0"},
				"down": {"uv": [5.25, 0, 6, 1.375], "texture": "#0"}
			}
		},
		{
			"name": "GearCaseOuter",
			"from": [1.52, -14, 13.6],
			"to": [7.5, -10, 24.9],
			"rotation": {"angle": -45, "axis": "x", "origin": [5.5, -14, 15]},
			"faces": {
				"north": {"uv": [4.25, 7.25, 3.5, 7.75], "texture": "#0"},
				"east": {"uv": [7.875, 0.5, 6.5, 1], "texture": "#0"},
				"south": {"uv": [2, 7.375, 1.25, 7.875], "texture": "#0"},
				"west": {"uv": [7.875, 0, 6.5, 0.5], "texture": "#0"},
				"up": {"uv": [5.25, 2.75, 6, 1.375], "texture": "#0"},
				"down": {"uv": [5.25, 2.75, 6, 4.125], "texture": "#0"}
			}
		},
		{
			"name": "GearCaseOuter",
			"from": [1.5, -7, 18],
			"to": [7.5, 5, 22],
			"rotation": {"angle": 0, "axis": "y", "origin": [-4.5, -9, 0]},
			"faces": {
				"north": {"uv": [4.5, 3, 3.75, 4.5], "texture": "#0"},
				"east": {"uv": [6.25, 5.125, 5.75, 6.625], "texture": "#0"},
				"south": {"uv": [5.25, 0, 4.5, 1.5], "texture": "#0"},
				"west": {"uv": [5.75, 5.125, 5.25, 6.625], "texture": "#0"},
				"up": {"uv": [2, 7.875, 2.75, 7.375], "texture": "#0"},
				"down": {"uv": [7.375, 4, 8.125, 4.5], "texture": "#0"}
			}
		},
		{
			"name": "GearCaseOuter",
			"from": [1.49, -8, 20],
			"to": [1.49, 6, 21],
			"rotation": {"angle": 0, "axis": "y", "origin": [-10.5, -9, 0]},
			"faces": {
				"north": {"uv": [0, 0, 0, 1.75], "texture": "#0"},
				"east": {"uv": [0.625, 7.625, 0.5, 9.375], "texture": "#0"},
				"south": {"uv": [0, 0, 0, 1.75], "texture": "#0"},
				"west": {"uv": [0.5, 7.625, 0.375, 9.375], "texture": "#0"},
				"up": {"uv": [0, 0.125, 0, 0], "texture": "#0"},
				"down": {"uv": [0, 0, 0, 0.125], "texture": "#0"}
			}
		},
		{
			"name": "GearCaseOuter",
			"from": [1.49, -8, -5],
			"to": [1.49, 6, -4],
			"rotation": {"angle": 0, "axis": "y", "origin": [-10.5, -9, -25]},
			"faces": {
				"north": {"uv": [0, 0, 0, 1.75], "texture": "#0"},
				"east": {"uv": [0.875, 7.625, 0.75, 9.375], "texture": "#0"},
				"south": {"uv": [0, 0, 0, 1.75], "texture": "#0"},
				"west": {"uv": [0.75, 7.625, 0.625, 9.375], "texture": "#0"},
				"up": {"uv": [0, 0.125, 0, 0], "texture": "#0"},
				"down": {"uv": [0, 0, 0, 0.125], "texture": "#0"}
			}
		},
		{
			"name": "GearCaseOuter",
			"from": [1.49, -9, 19],
			"to": [1.49, 7, 20],
			"rotation": {"angle": 0, "axis": "y", "origin": [-10.5, -9, -1]},
			"faces": {
				"north": {"uv": [0, 0, 0, 2], "texture": "#0"},
				"east": {"uv": [0.125, 7.625, 0, 9.625], "texture": "#0"},
				"south": {"uv": [0, 0, 0, 2], "texture": "#0"},
				"west": {"uv": [7.375, 7.375, 7.25, 9.375], "texture": "#0"},
				"up": {"uv": [0, 0.125, 0, 0], "texture": "#0"},
				"down": {"uv": [0, 0, 0, 0.125], "texture": "#0"}
			}
		},
		{
			"name": "GearCaseOuter",
			"from": [1.49, -9, -4],
			"to": [1.49, 7, -3],
			"rotation": {"angle": 0, "axis": "y", "origin": [-10.5, -9, -24]},
			"faces": {
				"north": {"uv": [0, 0, 0, 2], "texture": "#0"},
				"east": {"uv": [0.375, 7.625, 0.25, 9.625], "texture": "#0"},
				"south": {"uv": [0, 0, 0, 2], "texture": "#0"},
				"west": {"uv": [0.25, 7.625, 0.125, 9.625], "texture": "#0"},
				"up": {"uv": [0, 0.125, 0, 0], "texture": "#0"},
				"down": {"uv": [0, 0, 0, 0.125], "texture": "#0"}
			}
		},
		{
			"name": "GearCaseOuter",
			"from": [1.49, 4, 18],
			"to": [1.49, 8, 19],
			"rotation": {"angle": 0, "axis": "y", "origin": [-10.5, -7, -2]},
			"faces": {
				"north": {"uv": [0, 0, 0, 0.5], "texture": "#0"},
				"east": {"uv": [1, 7.625, 0.875, 8.125], "texture": "#0"},
				"south": {"uv": [0, 0, 0, 0.5], "texture": "#0"},
				"west": {"uv": [5.25, 6, 5.125, 6.5], "texture": "#0"},
				"up": {"uv": [0, 0.125, 0, 0], "texture": "#0"},
				"down": {"uv": [0, 0, 0, 0.125], "texture": "#0"}
			}
		},
		{
			"name": "GearCaseOuter",
			"from": [1.49, 5, 17],
			"to": [1.49, 9, 18],
			"rotation": {"angle": 0, "axis": "y", "origin": [-10.5, -6, -3]},
			"faces": {
				"north": {"uv": [0, 0, 0, 0.5], "texture": "#0"},
				"east": {"uv": [1.25, 7.625, 1.125, 8.125], "texture": "#0"},
				"south": {"uv": [0, 0, 0, 0.5], "texture": "#0"},
				"west": {"uv": [1.125, 7.625, 1, 8.125], "texture": "#0"},
				"up": {"uv": [0, 0.125, 0, 0], "texture": "#0"},
				"down": {"uv": [0, 0, 0, 0.125], "texture": "#0"}
			}
		},
		{
			"name": "GearCaseOuter",
			"from": [1.49, 6, 16],
			"to": [1.49, 10, 17],
			"rotation": {"angle": 0, "axis": "y", "origin": [-10.5, -5, -4]},
			"faces": {
				"north": {"uv": [0, 0, 0, 0.5], "texture": "#0"},
				"east": {"uv": [3, 7.625, 2.875, 8.125], "texture": "#0"},
				"south": {"uv": [0, 0, 0, 0.5], "texture": "#0"},
				"west": {"uv": [2.875, 7.625, 2.75, 8.125], "texture": "#0"},
				"up": {"uv": [0, 0.125, 0, 0], "texture": "#0"},
				"down": {"uv": [0, 0, 0, 0.125], "texture": "#0"}
			}
		},
		{
			"name": "GearCaseOuter",
			"from": [1.49, 7, 15],
			"to": [1.49, 11, 16],
			"rotation": {"angle": 0, "axis": "y", "origin": [-10.5, -4, -5]},
			"faces": {
				"north": {"uv": [0, 0, 0, 0.5], "texture": "#0"},
				"east": {"uv": [3.25, 7.625, 3.125, 8.125], "texture": "#0"},
				"south": {"uv": [0, 0, 0, 0.5], "texture": "#0"},
				"west": {"uv": [3.125, 7.625, 3, 8.125], "texture": "#0"},
				"up": {"uv": [0, 0.125, 0, 0], "texture": "#0"},
				"down": {"uv": [0, 0, 0, 0.125], "texture": "#0"}
			}
		},
		{
			"name": "GearCaseOuter",
			"from": [1.49, 8, 14],
			"to": [1.49, 12, 15],
			"rotation": {"angle": 0, "axis": "y", "origin": [-10.5, -3, -6]},
			"faces": {
				"north": {"uv": [0, 0, 0, 0.5], "texture": "#0"},
				"east": {"uv": [3.5, 7.625, 3.375, 8.125], "texture": "#0"},
				"south": {"uv": [0, 0, 0, 0.5], "texture": "#0"},
				"west": {"uv": [3.375, 7.625, 3.25, 8.125], "texture": "#0"},
				"up": {"uv": [0, 0.125, 0, 0], "texture": "#0"},
				"down": {"uv": [0, 0, 0, 0.125], "texture": "#0"}
			}
		},
		{
			"name": "GearCaseOuter",
			"from": [1.49, 8, 1],
			"to": [1.49, 12, 2],
			"rotation": {"angle": 0, "axis": "y", "origin": [-10.5, -3, 22]},
			"faces": {
				"north": {"uv": [0, 0, 0, 0.5], "texture": "#0"},
				"east": {"uv": [4.5, 7.625, 4.375, 8.125], "texture": "#0"},
				"south": {"uv": [0, 0, 0, 0.5], "texture": "#0"},
				"west": {"uv": [4.375, 7.625, 4.25, 8.125], "texture": "#0"},
				"up": {"uv": [0, 0.125, 0, 0], "texture": "#0"},
				"down": {"uv": [0, 0, 0, 0.125], "texture": "#0"}
			}
		},
		{
			"name": "GearCaseOuter",
			"from": [1.49, 7, 0],
			"to": [1.49, 11, 1],
			"rotation": {"angle": 0, "axis": "y", "origin": [-10.5, -4, 21]},
			"faces": {
				"north": {"uv": [0, 0, 0, 0.5], "texture": "#0"},
				"east": {"uv": [4.75, 7.625, 4.625, 8.125], "texture": "#0"},
				"south": {"uv": [0, 0, 0, 0.5], "texture": "#0"},
				"west": {"uv": [4.625, 7.625, 4.5, 8.125], "texture": "#0"},
				"up": {"uv": [0, 0.125, 0, 0], "texture": "#0"},
				"down": {"uv": [0, 0, 0, 0.125], "texture": "#0"}
			}
		},
		{
			"name": "GearCaseOuter",
			"from": [1.49, 6, -1],
			"to": [1.49, 10, 0],
			"rotation": {"angle": 0, "axis": "y", "origin": [-10.5, -5, 20]},
			"faces": {
				"north": {"uv": [0, 0, 0, 0.5], "texture": "#0"},
				"east": {"uv": [5, 7.625, 4.875, 8.125], "texture": "#0"},
				"south": {"uv": [0, 0, 0, 0.5], "texture": "#0"},
				"west": {"uv": [4.875, 7.625, 4.75, 8.125], "texture": "#0"},
				"up": {"uv": [0, 0.125, 0, 0], "texture": "#0"},
				"down": {"uv": [0, 0, 0, 0.125], "texture": "#0"}
			}
		},
		{
			"name": "GearCaseOuter",
			"from": [1.49, 5, -2],
			"to": [1.49, 9, -1],
			"rotation": {"angle": 0, "axis": "y", "origin": [-10.5, -6, 19]},
			"faces": {
				"north": {"uv": [0, 0, 0, 0.5], "texture": "#0"},
				"east": {"uv": [7.75, 5, 7.625, 5.5], "texture": "#0"},
				"south": {"uv": [0, 0, 0, 0.5], "texture": "#0"},
				"west": {"uv": [5.125, 7.625, 5, 8.125], "texture": "#0"},
				"up": {"uv": [0, 0.125, 0, 0], "texture": "#0"},
				"down": {"uv": [0, 0, 0, 0.125], "texture": "#0"}
			}
		},
		{
			"name": "GearCaseOuter",
			"from": [1.49, 4, -3],
			"to": [1.49, 8, -2],
			"rotation": {"angle": 0, "axis": "y", "origin": [-10.5, -7, 18]},
			"faces": {
				"north": {"uv": [0, 0, 0, 0.5], "texture": "#0"},
				"east": {"uv": [5.375, 7.625, 5.25, 8.125], "texture": "#0"},
				"south": {"uv": [0, 0, 0, 0.5], "texture": "#0"},
				"west": {"uv": [5.25, 7.625, 5.125, 8.125], "texture": "#0"},
				"up": {"uv": [0, 0.125, 0, 0], "texture": "#0"},
				"down": {"uv": [0, 0, 0, 0.125], "texture": "#0"}
			}
		},
		{
			"name": "GearCaseOuter",
			"from": [1.49, -14, 1],
			"to": [1.49, -10, 2],
			"rotation": {"angle": 0, "axis": "y", "origin": [-10.5, 1, 22]},
			"faces": {
				"north": {"uv": [0, 0, 0, 0.5], "texture": "#0"},
				"east": {"uv": [5.625, 7.625, 5.5, 8.125], "texture": "#0"},
				"south": {"uv": [0, 0, 0, 0.5], "texture": "#0"},
				"west": {"uv": [5.5, 7.625, 5.375, 8.125], "texture": "#0"},
				"up": {"uv": [0, 0.125, 0, 0], "texture": "#0"},
				"down": {"uv": [0, 0, 0, 0.125], "texture": "#0"}
			}
		},
		{
			"name": "GearCaseOuter",
			"from": [1.49, -13, 0],
			"to": [1.49, -9, 1],
			"rotation": {"angle": 0, "axis": "y", "origin": [-10.5, 2, 21]},
			"faces": {
				"north": {"uv": [0, 0, 0, 0.5], "texture": "#0"},
				"east": {"uv": [5.75, 7.625, 5.625, 8.125], "texture": "#0"},
				"south": {"uv": [0, 0, 0, 0.5], "texture": "#0"},
				"west": {"uv": [7.75, 5.5, 7.625, 6], "texture": "#0"},
				"up": {"uv": [0, 0.125, 0, 0], "texture": "#0"},
				"down": {"uv": [0, 0, 0, 0.125], "texture": "#0"}
			}
		},
		{
			"name": "GearCaseOuter",
			"from": [1.49, -12, -1],
			"to": [1.49, -8, 0],
			"rotation": {"angle": 0, "axis": "y", "origin": [-10.5, 3, 20]},
			"faces": {
				"north": {"uv": [0, 0, 0, 0.5], "texture": "#0"},
				"east": {"uv": [6, 7.625, 5.875, 8.125], "texture": "#0"},
				"south": {"uv": [0, 0, 0, 0.5], "texture": "#0"},
				"west": {"uv": [5.875, 7.625, 5.75, 8.125], "texture": "#0"},
				"up": {"uv": [0, 0.125, 0, 0], "texture": "#0"},
				"down": {"uv": [0, 0, 0, 0.125], "texture": "#0"}
			}
		},
		{
			"name": "GearCaseOuter",
			"from": [1.49, -11, -2],
			"to": [1.49, -7, -1],
			"rotation": {"angle": 0, "axis": "y", "origin": [-10.5, 4, 19]},
			"faces": {
				"north": {"uv": [0, 0, 0, 0.5], "texture": "#0"},
				"east": {"uv": [7.75, 6, 7.625, 6.5], "texture": "#0"},
				"south": {"uv": [0, 0, 0, 0.5], "texture": "#0"},
				"west": {"uv": [6.125, 7.625, 6, 8.125], "texture": "#0"},
				"up": {"uv": [0, 0.125, 0, 0], "texture": "#0"},
				"down": {"uv": [0, 0, 0, 0.125], "texture": "#0"}
			}
		},
		{
			"name": "GearCaseOuter",
			"from": [1.49, -10, -3],
			"to": [1.49, -6, -2],
			"rotation": {"angle": 0, "axis": "y", "origin": [-10.5, 5, 18]},
			"faces": {
				"north": {"uv": [0, 0, 0, 0.5], "texture": "#0"},
				"east": {"uv": [6.375, 7.625, 6.25, 8.125], "texture": "#0"},
				"south": {"uv": [0, 0, 0, 0.5], "texture": "#0"},
				"west": {"uv": [6.25, 7.625, 6.125, 8.125], "texture": "#0"},
				"up": {"uv": [0, 0.125, 0, 0], "texture": "#0"},
				"down": {"uv": [0, 0, 0, 0.125], "texture": "#0"}
			}
		},
		{
			"name": "GearCaseOuter",
			"from": [1.49, -10, 18],
			"to": [1.49, -6, 19],
			"rotation": {"angle": 0, "axis": "y", "origin": [-10.5, 5, -2]},
			"faces": {
				"north": {"uv": [0, 0, 0, 0.5], "texture": "#0"},
				"east": {"uv": [6.625, 7.625, 6.5, 8.125], "texture": "#0"},
				"south": {"uv": [0, 0, 0, 0.5], "texture": "#0"},
				"west": {"uv": [6.5, 7.625, 6.375, 8.125], "texture": "#0"},
				"up": {"uv": [0, 0.125, 0, 0], "texture": "#0"},
				"down": {"uv": [0, 0, 0, 0.125], "texture": "#0"}
			}
		},
		{
			"name": "GearCaseOuter",
			"from": [1.49, -11, 17],
			"to": [1.49, -7, 18],
			"rotation": {"angle": 0, "axis": "y", "origin": [-10.5, 4, -3]},
			"faces": {
				"north": {"uv": [0, 0, 0, 0.5], "texture": "#0"},
				"east": {"uv": [6.875, 7.625, 6.75, 8.125], "texture": "#0"},
				"south": {"uv": [0, 0, 0, 0.5], "texture": "#0"},
				"west": {"uv": [6.75, 7.625, 6.625, 8.125], "texture": "#0"},
				"up": {"uv": [0, 0.125, 0, 0], "texture": "#0"},
				"down": {"uv": [0, 0, 0, 0.125], "texture": "#0"}
			}
		},
		{
			"name": "GearCaseOuter",
			"from": [1.49, -12, 16],
			"to": [1.49, -8, 17],
			"rotation": {"angle": 0, "axis": "y", "origin": [-10.5, 3, -4]},
			"faces": {
				"north": {"uv": [0, 0, 0, 0.5], "texture": "#0"},
				"east": {"uv": [7.125, 7.625, 7, 8.125], "texture": "#0"},
				"south": {"uv": [0, 0, 0, 0.5], "texture": "#0"},
				"west": {"uv": [7, 7.625, 6.875, 8.125], "texture": "#0"},
				"up": {"uv": [0, 0.125, 0, 0], "texture": "#0"},
				"down": {"uv": [0, 0, 0, 0.125], "texture": "#0"}
			}
		},
		{
			"name": "GearCaseOuter",
			"from": [1.49, -13, 15],
			"to": [1.49, -9, 16],
			"rotation": {"angle": 0, "axis": "y", "origin": [-10.5, 2, -5]},
			"faces": {
				"north": {"uv": [0, 0, 0, 0.5], "texture": "#0"},
				"east": {"uv": [7.5, 7.625, 7.375, 8.125], "texture": "#0"},
				"south": {"uv": [0, 0, 0, 0.5], "texture": "#0"},
				"west": {"uv": [7.25, 7.625, 7.125, 8.125], "texture": "#0"},
				"up": {"uv": [0, 0.125, 0, 0], "texture": "#0"},
				"down": {"uv": [0, 0, 0, 0.125], "texture": "#0"}
			}
		},
		{
			"name": "GearCaseOuter",
			"from": [1.49, -14, 14],
			"to": [1.49, -10, 15],
			"rotation": {"angle": 0, "axis": "y", "origin": [-10.5, 1, -6]},
			"faces": {
				"north": {"uv": [0, 0, 0, 0.5], "texture": "#0"},
				"east": {"uv": [7.75, 7.625, 7.625, 8.125], "texture": "#0"},
				"south": {"uv": [0, 0, 0, 0.5], "texture": "#0"},
				"west": {"uv": [7.625, 7.625, 7.5, 8.125], "texture": "#0"},
				"up": {"uv": [0, 0.125, 0, 0], "texture": "#0"},
				"down": {"uv": [0, 0, 0, 0.125], "texture": "#0"}
			}
		},
		{
			"name": "GearCaseOuter",
			"from": [1.49, -14, 2],
			"to": [1.49, -12, 14],
			"rotation": {"angle": 0, "axis": "y", "origin": [-10.5, -27, -7]},
			"faces": {
				"north": {"uv": [0, 0, 0, 0.25], "texture": "#0"},
				"east": {"uv": [5.75, 7.375, 4.25, 7.625], "texture": "#0"},
				"south": {"uv": [0, 0, 0, 0.25], "texture": "#0"},
				"west": {"uv": [8.25, 4.75, 6.75, 5], "texture": "#0"},
				"up": {"uv": [0, 1.5, 0, 0], "texture": "#0"},
				"down": {"uv": [0, 0, 0, 1.5], "texture": "#0"}
			}
		},
		{
			"name": "GearCaseOuter",
			"from": [1.49, 10, 2],
			"to": [1.49, 12, 14],
			"rotation": {"angle": 0, "axis": "y", "origin": [-10.5, -3, -7]},
			"faces": {
				"north": {"uv": [0, 0, 0, 0.25], "texture": "#0"},
				"east": {"uv": [7.25, 7.375, 5.75, 7.625], "texture": "#0"},
				"south": {"uv": [0, 0, 0, 0.25], "texture": "#0"},
				"west": {"uv": [8.875, 4.5, 7.375, 4.75], "texture": "#0"},
				"up": {"uv": [0, 1.5, 0, 0], "texture": "#0"},
				"down": {"uv": [0, 0, 0, 1.5], "texture": "#0"}
			}
		},
		{
			"name": "GearCaseOuter",
			"from": [1.5, -7, -6],
			"to": [7.5, 5, -2],
			"rotation": {"angle": 0, "axis": "y", "origin": [-4.5, -9, 0]},
			"faces": {
				"north": {"uv": [5.25, 1.5, 4.5, 3], "texture": "#0"},
				"east": {"uv": [6.5, 1.5, 6, 3], "texture": "#0"},
				"south": {"uv": [5.25, 3, 4.5, 4.5], "texture": "#0"},
				"west": {"uv": [6.5, 0, 6, 1.5], "texture": "#0"},
				"up": {"uv": [7.375, 7.125, 8.125, 6.625], "texture": "#0"},
				"down": {"uv": [7.375, 7.125, 8.125, 7.625], "texture": "#0"}
			}
		},
		{
			"name": "GearCaseOuter",
			"from": [1.5, -15, 2],
			"to": [7.5, -11, 14],
			"rotation": {"angle": 0, "axis": "y", "origin": [-4.5, -9, 0]},
			"faces": {
				"north": {"uv": [8.25, 3, 7.5, 3.5], "texture": "#0"},
				"east": {"uv": [7.5, 3.5, 6, 4], "texture": "#0"},
				"south": {"uv": [8.25, 3.5, 7.5, 4], "texture": "#0"},
				"west": {"uv": [7.5, 3, 6, 3.5], "texture": "#0"},
				"up": {"uv": [3.75, 6, 4.5, 4.5], "texture": "#0"},
				"down": {"uv": [4.5, 4.5, 5.25, 6], "texture": "#0"}
			}
		},
		{
			"name": "GearCaseOuter",
			"from": [3.5, -4, 5],
			"to": [8.5, 2, 11],
			"rotation": {"angle": 0, "axis": "y", "origin": [-4.5, -9, 0]},
			"faces": {
				"north": {"uv": [7.375, 4, 6.75, 4.75], "texture": "#0"},
				"east": {"uv": [4.25, 6.5, 3.5, 7.25], "texture": "#0"},
				"south": {"uv": [7.375, 6.625, 6.75, 7.375], "texture": "#0"},
				"west": {"uv": [7.25, 1.75, 6.5, 2.5], "texture": "#0"},
				"up": {"uv": [0, 7.625, 0.625, 6.875], "texture": "#0"},
				"down": {"uv": [0.625, 6.875, 1.25, 7.625], "texture": "#0"}
			}
		},
		{
			"name": "GearCaseOuter",
			"from": [2.5, -11, -2],
			"to": [7.5, 9, 18],
			"rotation": {"angle": 0, "axis": "y", "origin": [-4.5, -9, 0]},
			"faces": {
				"north": {"uv": [3.125, 0, 2.5, 2.5], "texture": "#0"},
				"east": {"uv": [2.5, 2.5, 0, 5], "texture": "#0"},
				"south": {"uv": [3.125, 2.5, 2.5, 5], "texture": "#0"},
				"west": {"uv": [2.5, 0, 0, 2.5], "texture": "#0"},
				"up": {"uv": [3.125, 2.5, 3.75, 0], "texture": "#0"},
				"down": {"uv": [3.125, 2.5, 3.75, 5], "texture": "#0"}
			}
		},
		{
			"from": [2, -2, -1.5],
			"to": [4, 0, 0.5],
			"rotation": {"angle": 0, "axis": "y", "origin": [0.5, -1, 8]},
			"faces": {
				"north": {"uv": [3.75, 7.75, 3.5, 8], "texture": "#0"},
				"east": {"uv": [8, 5, 7.75, 5.25], "texture": "#0"},
				"south": {"uv": [4.25, 7.75, 4, 8], "texture": "#0"},
				"west": {"uv": [4, 7.75, 3.75, 8], "texture": "#0"},
				"up": {"uv": [7.75, 5.5, 8, 5.25], "texture": "#0"},
				"down": {"uv": [7.75, 5.5, 8, 5.75], "texture": "#0"}
			}
		},
		{
			"from": [2, -2, -1.5],
			"to": [4, 0, 0.5],
			"rotation": {"angle": 45, "axis": "x", "origin": [0.5, -1, 8]},
			"faces": {
				"north": {"uv": [3.75, 7.75, 3.5, 8], "texture": "#0"},
				"east": {"uv": [8, 5, 7.75, 5.25], "texture": "#0"},
				"south": {"uv": [4.25, 7.75, 4, 8], "texture": "#0"},
				"west": {"uv": [4, 7.75, 3.75, 8], "texture": "#0"},
				"up": {"uv": [7.75, 5.5, 8, 5.25], "texture": "#0"},
				"down": {"uv": [7.75, 5.5, 8, 5.75], "texture": "#0"}
			}
		},
		{
			"from": [2, 6.5, 7],
			"to": [4, 8.5, 9],
			"rotation": {"angle": 0, "axis": "y", "origin": [0.5, -1, 8]},
			"faces": {
				"north": {"uv": [7.75, 5.5, 8, 5.75], "rotation": 180, "texture": "#0"},
				"east": {"uv": [7.75, 5.25, 8, 5], "rotation": 90, "texture": "#0"},
				"south": {"uv": [7.75, 5.5, 8, 5.25], "texture": "#0"},
				"west": {"uv": [3.75, 8, 4, 7.75], "rotation": 270, "texture": "#0"},
				"up": {"uv": [3.75, 7.75, 3.5, 8], "rotation": 180, "texture": "#0"},
				"down": {"uv": [4.25, 7.75, 4, 8], "texture": "#0"}
			}
		},
		{
			"from": [2, 6.5, 7],
			"to": [4, 8.5, 9],
			"rotation": {"angle": 45, "axis": "x", "origin": [0.5, -1, 8]},
			"faces": {
				"north": {"uv": [7.75, 5.5, 8, 5.75], "rotation": 180, "texture": "#0"},
				"east": {"uv": [7.75, 5.25, 8, 5], "rotation": 90, "texture": "#0"},
				"south": {"uv": [7.75, 5.5, 8, 5.25], "texture": "#0"},
				"west": {"uv": [3.75, 8, 4, 7.75], "rotation": 270, "texture": "#0"},
				"up": {"uv": [3.75, 7.75, 3.5, 8], "rotation": 180, "texture": "#0"},
				"down": {"uv": [4.25, 7.75, 4, 8], "texture": "#0"}
			}
		},
		{
			"from": [2, -2, 15.5],
			"to": [4, 0, 17.5],
			"rotation": {"angle": 0, "axis": "y", "origin": [0.5, -1, 8]},
			"faces": {
				"north": {"uv": [4.25, 7.75, 4, 8], "rotation": 180, "texture": "#0"},
				"east": {"uv": [8, 5, 7.75, 5.25], "rotation": 180, "texture": "#0"},
				"south": {"uv": [3.75, 7.75, 3.5, 8], "rotation": 180, "texture": "#0"},
				"west": {"uv": [4, 7.75, 3.75, 8], "rotation": 180, "texture": "#0"},
				"up": {"uv": [7.75, 5.5, 8, 5.75], "texture": "#0"},
				"down": {"uv": [7.75, 5.5, 8, 5.25], "texture": "#0"}
			}
		},
		{
			"from": [2, -2, 15.5],
			"to": [4, 0, 17.5],
			"rotation": {"angle": 45, "axis": "x", "origin": [0.5, -1, 8]},
			"faces": {
				"north": {"uv": [4.25, 7.75, 4, 8], "rotation": 180, "texture": "#0"},
				"east": {"uv": [8, 5, 7.75, 5.25], "rotation": 180, "texture": "#0"},
				"south": {"uv": [3.75, 7.75, 3.5, 8], "rotation": 180, "texture": "#0"},
				"west": {"uv": [4, 7.75, 3.75, 8], "rotation": 180, "texture": "#0"},
				"up": {"uv": [7.75, 5.5, 8, 5.75], "texture": "#0"},
				"down": {"uv": [7.75, 5.5, 8, 5.25], "texture": "#0"}
			}
		},
		{
			"from": [2, -10.5, 7],
			"to": [4, -8.5, 9],
			"rotation": {"angle": 0, "axis": "y", "origin": [0.5, -1, 8]},
			"faces": {
				"north": {"uv": [7.75, 5.5, 8, 5.25], "rotation": 180, "texture": "#0"},
				"east": {"uv": [7.75, 5.25, 8, 5], "rotation": 270, "texture": "#0"},
				"south": {"uv": [7.75, 5.5, 8, 5.75], "texture": "#0"},
				"west": {"uv": [3.75, 8, 4, 7.75], "rotation": 90, "texture": "#0"},
				"up": {"uv": [4.25, 7.75, 4, 8], "texture": "#0"},
				"down": {"uv": [3.75, 7.75, 3.5, 8], "rotation": 180, "texture": "#0"}
			}
		},
		{
			"from": [2, -10.5, 7],
			"to": [4, -8.5, 9],
			"rotation": {"angle": 45, "axis": "x", "origin": [0.5, -1, 8]},
			"faces": {
				"north": {"uv": [7.75, 5.5, 8, 5.25], "rotation": 180, "texture": "#0"},
				"east": {"uv": [7.75, 5.25, 8, 5], "rotation": 270, "texture": "#0"},
				"south": {"uv": [7.75, 5.5, 8, 5.75], "texture": "#0"},
				"west": {"uv": [3.75, 8, 4, 7.75], "rotation": 90, "texture": "#0"},
				"up": {"uv": [4.25, 7.75, 4, 8], "texture": "#0"},
				"down": {"uv": [3.75, 7.75, 3.5, 8], "rotation": 180, "texture": "#0"}
			}
		},
		{
			"name": "Axis",
			"from": [1, -3, 6],
			"to": [15, 1, 10],
			"faces": {
				"north": {"uv": [2, 0, 16, 4], "texture": "#1"},
				"east": {"uv": [12, 12, 16, 16], "texture": "#1"},
				"south": {"uv": [2, 0, 16, 4], "texture": "#1"},
				"west": {"uv": [12, 12, 16, 16], "texture": "#1"},
				"up": {"uv": [2, 0, 16, 4], "texture": "#1"},
				"down": {"uv": [2, 0, 16, 4], "texture": "#1"}
			}
		}
	],
	"display": {
		"thirdperson_righthand": {
			"rotation": [75, 45, 0],
			"translation": [0, 2.5, 0],
			"scale": [0.375, 0.375, 0.375]
		},
		"thirdperson_lefthand": {
			"rotation": [75, 45, 0],
			"translation": [0, 2.5, 0],
			"scale": [0.375, 0.375, 0.375]
		},
		"firstperson_righthand": {
			"rotation": [0, 45, 0],
			"scale": [0.4, 0.4, 0.4]
		},
		"firstperson_lefthand": {
			"rotation": [0, 225, 0],
			"scale": [0.4, 0.4, 0.4]
		},
		"ground": {
			"translation": [0, 3, 0],
			"scale": [0.25, 0.25, 0.25]
		},
		"gui": {
			"rotation": [30, 225, 0],
			"translation": [0, 1.5, 0],
			"scale": [0.5, 0.5, 0.5]
		},
		"fixed": {
			"rotation": [0, 90, 0],
			"translation": [0, 2.25, 0],
			"scale": [0.45, 0.45, 0.45]
		}
	},
	"groups": [
		{
			"name": "cogwheel_shaftless",
			"origin": [8, 8, 8],
			"color": 0,
			"children": [
				0,
				1,
				2,
				3,
				4,
				5,
				6,
				{
					"name": "group",
					"origin": [26, -3, -7],
					"color": 0,
					"children": [7, 8, 9, 10, 11, 12, 13, 14, 15, 16, 17, 18, 19, 20, 21, 22, 23, 24, 25, 26, 27, 28, 29, 30, 31, 32]
				},
				33,
				34,
				35,
				36,
				{
					"name": "group",
					"origin": [8, 8, 8],
					"color": 0,
					"children": [37, 38, 39, 40, 41, 42, 43, 44]
				}
			]
		},
		{
			"name": "cogwheel_shaftless",
			"origin": [8, 8, 8],
			"color": 0,
			"children": [
				45,
				46,
				47,
				48,
				49,
				50,
				51,
				{
					"name": "group",
					"origin": [26, -3, -7],
					"color": 0,
					"children": [52, 53, 54, 55, 56, 57, 58, 59, 60, 61, 62, 63, 64, 65, 66, 67, 68, 69, 70, 71, 72, 73, 74, 75, 76, 77]
				},
				78,
				79,
				80,
				81,
				{
					"name": "group",
					"origin": [8, 8, 8],
					"color": 0,
					"children": [82, 83, 84, 85, 86, 87, 88, 89]
				}
			]
		},
		{
			"name": "axle",
			"origin": [8, 8, 8],
			"color": 0,
			"children": [90]
		}
	]
}