{
	"credit": "Made with Blockbench",
	"parent": "create:block/large_wheels",
	"texture_size": [128, 128],
	"textures": {
		"0": "trackwork:block/large_cogs",
		"particle": "trackwork:block/large_cogs"
	},
	"elements": [
		{
			"name": "GearCaseOuter",
			"from": [7, -6, 3],
			"to": [12, 4, 13],
			"rotation": {"angle": 0, "axis": "y", "origin": [21, -9, 0]},
			"faces": {
				"north": {"uv": [2.375, 4.5, 3, 5.75], "texture": "#0"},
				"east": {"uv": [0, 0, 1.25, 1.25], "texture": "#0"},
				"south": {"uv": [3, 4.5, 3.625, 5.75], "texture": "#0"},
				"west": {"uv": [0, 1.25, 1.25, 2.5], "texture": "#0"},
				"up": {"uv": [4.25, 5.75, 3.625, 4.5], "texture": "#0"},
				"down": {"uv": [4.875, 4.5, 4.25, 5.75], "texture": "#0"}
			}
		},
		{
			"name": "GearCaseOuter",
			"from": [11, -6, 5],
			"to": [15, 4, 11],
			"rotation": {"angle": 0, "axis": "y", "origin": [21, -9, 0]},
			"faces": {
				"north": {"uv": [4.875, 5.75, 5.375, 7], "texture": "#0"},
				"east": {"uv": [2.75, 2, 3.5, 3.25], "texture": "#0"},
				"south": {"uv": [5.875, 1.25, 6.375, 2.5], "texture": "#0"},
				"west": {"uv": [2.75, 3.25, 3.5, 4.5], "texture": "#0"},
				"up": {"uv": [5.25, 2, 4.75, 1.25], "texture": "#0"},
				"down": {"uv": [7, 6.5, 6.5, 7.25], "texture": "#0"}
			}
		},
		{
			"name": "GearCaseOuter",
			"from": [11, -4, 11],
			"to": [15, 2, 13],
			"rotation": {"angle": 0, "axis": "y", "origin": [21, -9, 0]},
			"faces": {
				"north": {"uv": [6.625, 0, 7.125, 0.75], "texture": "#0"},
				"east": {"uv": [5.25, 3.75, 5.5, 4.5], "texture": "#0"},
				"south": {"uv": [6.75, 0.75, 7.25, 1.5], "texture": "#0"},
				"west": {"uv": [5.125, 7, 5.375, 7.75], "texture": "#0"},
				"up": {"uv": [0.5, 5.25, 0, 5], "texture": "#0"},
				"down": {"uv": [7.875, 4.625, 7.375, 4.875], "texture": "#0"}
			}
		},
		{
			"name": "GearCaseOuter",
			"from": [11, -4, 3],
			"to": [15, 2, 5],
			"rotation": {"angle": 0, "axis": "y", "origin": [21, -9, 0]},
			"faces": {
				"north": {"uv": [1.125, 6.75, 1.625, 7.5], "texture": "#0"},
				"east": {"uv": [6.5, 7.25, 6.75, 8], "texture": "#0"},
				"south": {"uv": [6.75, 1.5, 7.25, 2.25], "texture": "#0"},
				"west": {"uv": [6.75, 7.25, 7, 8], "texture": "#0"},
				"up": {"uv": [7.875, 5.125, 7.375, 4.875], "texture": "#0"},
				"down": {"uv": [5.875, 7.5, 5.375, 7.75], "texture": "#0"}
			}
		},
		{
			"name": "GearCaseOuter",
			"from": [11, -12, 6],
			"to": [14, 10, 10],
			"rotation": {"angle": 45, "axis": "x", "origin": [11, -1, 8]},
			"faces": {
				"north": {"uv": [0.5, 2.5, 0.875, 5.25], "texture": "#0"},
				"east": {"uv": [1.25, 0, 1.75, 2.75], "texture": "#0"},
				"south": {"uv": [0.875, 2.5, 1.25, 5.25], "texture": "#0"},
				"west": {"uv": [1.75, 0, 2.25, 2.75], "texture": "#0"},
				"up": {"uv": [2, 7.875, 1.625, 7.375], "texture": "#0"},
				"down": {"uv": [2.75, 7.375, 2.375, 7.875], "texture": "#0"}
			}
		},
		{
			"name": "GearCaseOuter",
			"from": [11, -3, -2],
			"to": [14, 1, 18],
			"rotation": {"angle": 0, "axis": "y", "origin": [11, -1, 8]},
			"faces": {
				"north": {"uv": [2.75, 7.375, 3.125, 7.875], "texture": "#0"},
				"east": {"uv": [2.25, 1, 4.75, 1.5], "texture": "#0"},
				"south": {"uv": [3.125, 7.375, 3.5, 7.875], "texture": "#0"},
				"west": {"uv": [2.25, 1.5, 4.75, 2], "texture": "#0"},
				"up": {"uv": [3.875, 4.5, 3.5, 2], "texture": "#0"},
				"down": {"uv": [4.25, 2, 3.875, 4.5], "texture": "#0"}
			}
		},
		{
			"name": "GearCaseOuter",
			"from": [11, -3, -3],
			"to": [14, 1, 19],
			"rotation": {"angle": 45, "axis": "x", "origin": [11, -1, 8]},
			"faces": {
				"north": {"uv": [3.5, 7.375, 3.875, 7.875], "texture": "#0"},
				"east": {"uv": [2.25, 0, 5, 0.5], "texture": "#0"},
				"south": {"uv": [7.375, 3.625, 7.75, 4.125], "texture": "#0"},
				"west": {"uv": [2.25, 0.5, 5, 1], "texture": "#0"},
				"up": {"uv": [1.625, 5.5, 1.25, 2.75], "texture": "#0"},
				"down": {"uv": [2, 2.75, 1.625, 5.5], "texture": "#0"}
			}
		},
		{
			"name": "GearCaseOuter",
			"from": [11, -11, 6],
			"to": [14, 9, 10],
			"rotation": {"angle": 0, "axis": "y", "origin": [11, -1, 8]},
			"faces": {
				"north": {"uv": [4.25, 2, 4.625, 4.5], "texture": "#0"},
				"east": {"uv": [2.25, 2, 2.75, 4.5], "texture": "#0"},
				"south": {"uv": [2, 4.5, 2.375, 7], "texture": "#0"},
				"west": {"uv": [0, 2.5, 0.5, 5], "texture": "#0"},
				"up": {"uv": [4.25, 7.875, 3.875, 7.375], "texture": "#0"},
				"down": {"uv": [7.75, 4.125, 7.375, 4.625], "texture": "#0"}
			}
		},
		{
			"name": "GearCaseOuter",
			"from": [10.98, -16, 6.5],
			"to": [14.98, -11, 9.5],
			"rotation": {"angle": -22.5, "axis": "x", "origin": [11, -1, 8]},
			"faces": {
				"north": {"uv": [6.875, 4, 7.375, 4.625], "texture": "#0"},
				"east": {"uv": [1.625, 6.75, 2, 7.375], "texture": "#0"},
				"south": {"uv": [6.875, 4.625, 7.375, 5.25], "texture": "#0"},
				"west": {"uv": [2, 7, 2.375, 7.625], "texture": "#0"},
				"up": {"uv": [7.75, 2.25, 7.25, 1.875], "texture": "#0"},
				"down": {"uv": [4.75, 7.375, 4.25, 7.75], "texture": "#0"}
			}
		},
		{
			"name": "GearCaseOuter",
			"from": [10.98, -16, 6.5],
			"to": [14.98, -11, 9.5],
			"rotation": {"angle": -45, "axis": "x", "origin": [11, -1, 8]},
			"faces": {
				"north": {"uv": [6.875, 4, 7.375, 4.625], "texture": "#0"},
				"east": {"uv": [1.625, 6.75, 2, 7.375], "texture": "#0"},
				"south": {"uv": [6.875, 4.625, 7.375, 5.25], "texture": "#0"},
				"west": {"uv": [2, 7, 2.375, 7.625], "texture": "#0"},
				"up": {"uv": [7.75, 2.25, 7.25, 1.875], "texture": "#0"},
				"down": {"uv": [4.75, 7.375, 4.25, 7.75], "texture": "#0"}
			}
		},
		{
			"name": "GearCaseOuter",
			"from": [10.98, -2.5, 18],
			"to": [14.98, 0.5, 23],
			"rotation": {"angle": 22.5, "axis": "x", "origin": [11, -1, 8]},
			"faces": {
				"north": {"uv": [7.75, 2.25, 7.25, 1.875], "rotation": 180, "texture": "#0"},
				"east": {"uv": [1.625, 6.75, 2, 7.375], "rotation": 90, "texture": "#0"},
				"south": {"uv": [4.75, 7.375, 4.25, 7.75], "texture": "#0"},
				"west": {"uv": [2, 7, 2.375, 7.625], "rotation": 270, "texture": "#0"},
				"up": {"uv": [6.875, 4.625, 7.375, 5.25], "texture": "#0"},
				"down": {"uv": [6.875, 4, 7.375, 4.625], "rotation": 180, "texture": "#0"}
			}
		},
		{
			"name": "GearCaseOuter",
			"from": [10.98, -2.5, 18],
			"to": [14.98, 0.5, 23],
			"rotation": {"angle": 0, "axis": "x", "origin": [11, -1, 8]},
			"faces": {
				"north": {"uv": [7.75, 2.25, 7.25, 1.875], "rotation": 180, "texture": "#0"},
				"east": {"uv": [1.625, 6.75, 2, 7.375], "rotation": 90, "texture": "#0"},
				"south": {"uv": [4.75, 7.375, 4.25, 7.75], "texture": "#0"},
				"west": {"uv": [2, 7, 2.375, 7.625], "rotation": 270, "texture": "#0"},
				"up": {"uv": [6.875, 4.625, 7.375, 5.25], "texture": "#0"},
				"down": {"uv": [6.875, 4, 7.375, 4.625], "rotation": 180, "texture": "#0"}
			}
		},
		{
			"name": "GearCaseOuter",
			"from": [10.98, -2.5, 18],
			"to": [14.98, 0.5, 23],
			"rotation": {"angle": -22.5, "axis": "x", "origin": [11, -1, 8]},
			"faces": {
				"north": {"uv": [7.75, 2.25, 7.25, 1.875], "rotation": 180, "texture": "#0"},
				"east": {"uv": [1.625, 6.75, 2, 7.375], "rotation": 90, "texture": "#0"},
				"south": {"uv": [4.75, 7.375, 4.25, 7.75], "texture": "#0"},
				"west": {"uv": [2, 7, 2.375, 7.625], "rotation": 270, "texture": "#0"},
				"up": {"uv": [6.875, 4.625, 7.375, 5.25], "texture": "#0"},
				"down": {"uv": [6.875, 4, 7.375, 4.625], "rotation": 180, "texture": "#0"}
			}
		},
		{
			"name": "GearCaseOuter",
			"from": [10.98, -2.5, 18],
			"to": [14.98, 0.5, 23],
			"rotation": {"angle": -45, "axis": "x", "origin": [11, -1, 8]},
			"faces": {
				"north": {"uv": [7.75, 2.25, 7.25, 1.875], "rotation": 180, "texture": "#0"},
				"east": {"uv": [1.625, 6.75, 2, 7.375], "rotation": 90, "texture": "#0"},
				"south": {"uv": [4.75, 7.375, 4.25, 7.75], "texture": "#0"},
				"west": {"uv": [2, 7, 2.375, 7.625], "rotation": 270, "texture": "#0"},
				"up": {"uv": [6.875, 4.625, 7.375, 5.25], "texture": "#0"},
				"down": {"uv": [6.875, 4, 7.375, 4.625], "rotation": 180, "texture": "#0"}
			}
		},
		{
			"name": "GearCaseOuter",
			"from": [10.98, 9, 6.5],
			"to": [14.98, 14, 9.5],
			"rotation": {"angle": 22.5, "axis": "x", "origin": [11, -1, 8]},
			"faces": {
				"north": {"uv": [6.875, 4.625, 7.375, 5.25], "rotation": 180, "texture": "#0"},
				"east": {"uv": [1.625, 6.75, 2, 7.375], "rotation": 180, "texture": "#0"},
				"south": {"uv": [6.875, 4, 7.375, 4.625], "rotation": 180, "texture": "#0"},
				"west": {"uv": [2, 7, 2.375, 7.625], "rotation": 180, "texture": "#0"},
				"up": {"uv": [4.75, 7.375, 4.25, 7.75], "texture": "#0"},
				"down": {"uv": [7.75, 2.25, 7.25, 1.875], "texture": "#0"}
			}
		},
		{
			"name": "GearCaseOuter",
			"from": [10.98, 9, 6.5],
			"to": [14.98, 14, 9.5],
			"rotation": {"angle": 0, "axis": "x", "origin": [11, -1, 8]},
			"faces": {
				"north": {"uv": [6.875, 4.625, 7.375, 5.25], "rotation": 180, "texture": "#0"},
				"east": {"uv": [1.625, 6.75, 2, 7.375], "rotation": 180, "texture": "#0"},
				"south": {"uv": [6.875, 4, 7.375, 4.625], "rotation": 180, "texture": "#0"},
				"west": {"uv": [2, 7, 2.375, 7.625], "rotation": 180, "texture": "#0"},
				"up": {"uv": [4.75, 7.375, 4.25, 7.75], "texture": "#0"},
				"down": {"uv": [7.75, 2.25, 7.25, 1.875], "texture": "#0"}
			}
		},
		{
			"name": "GearCaseOuter",
			"from": [10.98, 9, 6.5],
			"to": [14.98, 14, 9.5],
			"rotation": {"angle": -22.5, "axis": "x", "origin": [11, -1, 8]},
			"faces": {
				"north": {"uv": [6.875, 4.625, 7.375, 5.25], "rotation": 180, "texture": "#0"},
				"east": {"uv": [1.625, 6.75, 2, 7.375], "rotation": 180, "texture": "#0"},
				"south": {"uv": [6.875, 4, 7.375, 4.625], "rotation": 180, "texture": "#0"},
				"west": {"uv": [2, 7, 2.375, 7.625], "rotation": 180, "texture": "#0"},
				"up": {"uv": [4.75, 7.375, 4.25, 7.75], "texture": "#0"},
				"down": {"uv": [7.75, 2.25, 7.25, 1.875], "texture": "#0"}
			}
		},
		{
			"name": "GearCaseOuter",
			"from": [10.98, 9, 6.5],
			"to": [14.98, 14, 9.5],
			"rotation": {"angle": -45, "axis": "x", "origin": [11, -1, 8]},
			"faces": {
				"north": {"uv": [6.875, 4.625, 7.375, 5.25], "rotation": 180, "texture": "#0"},
				"east": {"uv": [1.625, 6.75, 2, 7.375], "rotation": 180, "texture": "#0"},
				"south": {"uv": [6.875, 4, 7.375, 4.625], "rotation": 180, "texture": "#0"},
				"west": {"uv": [2, 7, 2.375, 7.625], "rotation": 180, "texture": "#0"},
				"up": {"uv": [4.75, 7.375, 4.25, 7.75], "texture": "#0"},
				"down": {"uv": [7.75, 2.25, 7.25, 1.875], "texture": "#0"}
			}
		},
		{
			"name": "GearCaseOuter",
			"from": [10.98, -2.5, -7],
			"to": [14.98, 0.5, -2],
			"rotation": {"angle": 22.5, "axis": "x", "origin": [11, -1, 8]},
			"faces": {
				"north": {"uv": [4.75, 7.375, 4.25, 7.75], "rotation": 180, "texture": "#0"},
				"east": {"uv": [1.625, 6.75, 2, 7.375], "rotation": 270, "texture": "#0"},
				"south": {"uv": [7.75, 2.25, 7.25, 1.875], "texture": "#0"},
				"west": {"uv": [2, 7, 2.375, 7.625], "rotation": 90, "texture": "#0"},
				"up": {"uv": [6.875, 4, 7.375, 4.625], "rotation": 180, "texture": "#0"},
				"down": {"uv": [6.875, 4.625, 7.375, 5.25], "texture": "#0"}
			}
		},
		{
			"name": "GearCaseOuter",
			"from": [10.98, -2.5, -7],
			"to": [14.98, 0.5, -2],
			"rotation": {"angle": 0, "axis": "x", "origin": [11, -1, 8]},
			"faces": {
				"north": {"uv": [4.75, 7.375, 4.25, 7.75], "rotation": 180, "texture": "#0"},
				"east": {"uv": [1.625, 6.75, 2, 7.375], "rotation": 270, "texture": "#0"},
				"south": {"uv": [7.75, 2.25, 7.25, 1.875], "texture": "#0"},
				"west": {"uv": [2, 7, 2.375, 7.625], "rotation": 90, "texture": "#0"},
				"up": {"uv": [6.875, 4, 7.375, 4.625], "rotation": 180, "texture": "#0"},
				"down": {"uv": [6.875, 4.625, 7.375, 5.25], "texture": "#0"}
			}
		},
		{
			"name": "GearCaseOuter",
			"from": [10.98, -2.5, -7],
			"to": [14.98, 0.5, -2],
			"rotation": {"angle": -22.5, "axis": "x", "origin": [11, -1, 8]},
			"faces": {
				"north": {"uv": [4.75, 7.375, 4.25, 7.75], "rotation": 180, "texture": "#0"},
				"east": {"uv": [1.625, 6.75, 2, 7.375], "rotation": 270, "texture": "#0"},
				"south": {"uv": [7.75, 2.25, 7.25, 1.875], "texture": "#0"},
				"west": {"uv": [2, 7, 2.375, 7.625], "rotation": 90, "texture": "#0"},
				"up": {"uv": [6.875, 4, 7.375, 4.625], "rotation": 180, "texture": "#0"},
				"down": {"uv": [6.875, 4.625, 7.375, 5.25], "texture": "#0"}
			}
		},
		{
			"name": "GearCaseOuter",
			"from": [10.98, -2.5, -7],
			"to": [14.98, 0.5, -2],
			"rotation": {"angle": -45, "axis": "x", "origin": [11, -1, 8]},
			"faces": {
				"north": {"uv": [4.75, 7.375, 4.25, 7.75], "rotation": 180, "texture": "#0"},
				"east": {"uv": [1.625, 6.75, 2, 7.375], "rotation": 270, "texture": "#0"},
				"south": {"uv": [7.75, 2.25, 7.25, 1.875], "texture": "#0"},
				"west": {"uv": [2, 7, 2.375, 7.625], "rotation": 90, "texture": "#0"},
				"up": {"uv": [6.875, 4, 7.375, 4.625], "rotation": 180, "texture": "#0"},
				"down": {"uv": [6.875, 4.625, 7.375, 5.25], "texture": "#0"}
			}
		},
		{
			"name": "GearCaseOuter",
			"from": [10.98, -16, 6.5],
			"to": [14.98, -11, 9.5],
			"rotation": {"angle": 22.5, "axis": "x", "origin": [11, -1, 8]},
			"faces": {
				"north": {"uv": [6.875, 4, 7.375, 4.625], "texture": "#0"},
				"east": {"uv": [1.625, 6.75, 2, 7.375], "texture": "#0"},
				"south": {"uv": [6.875, 4.625, 7.375, 5.25], "texture": "#0"},
				"west": {"uv": [2, 7, 2.375, 7.625], "texture": "#0"},
				"up": {"uv": [7.75, 2.25, 7.25, 1.875], "texture": "#0"},
				"down": {"uv": [4.75, 7.375, 4.25, 7.75], "texture": "#0"}
			}
		},
		{
			"name": "GearCaseOuter",
			"from": [10.98, -16, 6.5],
			"to": [14.98, -11, 9.5],
			"rotation": {"angle": 0, "axis": "y", "origin": [11, 0, 8]},
			"faces": {
				"north": {"uv": [6.875, 4, 7.375, 4.625], "texture": "#0"},
				"east": {"uv": [1.625, 6.75, 2, 7.375], "texture": "#0"},
				"south": {"uv": [6.875, 4.625, 7.375, 5.25], "texture": "#0"},
				"west": {"uv": [2, 7, 2.375, 7.625], "texture": "#0"},
				"up": {"uv": [7.75, 2.25, 7.25, 1.875], "texture": "#0"},
				"down": {"uv": [4.75, 7.375, 4.25, 7.75], "texture": "#0"}
			}
		},
		{
			"name": "GearCaseOuter",
			"from": [10, 8, 3],
			"to": [15, 11, 13],
			"rotation": {"angle": 0, "axis": "y", "origin": [21, -11, 0]},
			"faces": {
				"north": {"uv": [6.875, 6, 7.5, 6.375], "texture": "#0"},
				"east": {"uv": [5.875, 2.5, 7.125, 2.875], "texture": "#0"},
				"south": {"uv": [2.375, 7, 3, 7.375], "texture": "#0"},
				"west": {"uv": [5.875, 2.875, 7.125, 3.25], "texture": "#0"},
				"up": {"uv": [5.25, 3.25, 4.625, 2], "texture": "#0"},
				"down": {"uv": [5.25, 3.25, 4.625, 4.5], "texture": "#0"}
			}
		},
		{
			"name": "GearCaseOuter",
			"from": [10, -13, 3],
			"to": [15, -10, 13],
			"rotation": {"angle": 0, "axis": "y", "origin": [21, -7, 0]},
			"faces": {
				"north": {"uv": [3, 7, 3.625, 7.375], "texture": "#0"},
				"east": {"uv": [5.875, 3.25, 7.125, 3.625], "texture": "#0"},
				"south": {"uv": [3.625, 7, 4.25, 7.375], "texture": "#0"},
				"west": {"uv": [6.125, 3.625, 7.375, 4], "texture": "#0"},
				"up": {"uv": [5.5, 5.75, 4.875, 4.5], "texture": "#0"},
				"down": {"uv": [5.625, 0, 5, 1.25], "texture": "#0"}
			}
		},
		{
			"name": "GearCaseOuter",
			"from": [10, -6, -4],
			"to": [15, 4, -1],
			"rotation": {"angle": 0, "axis": "y", "origin": [21, -9, 2]},
			"faces": {
				"north": {"uv": [0, 5.25, 0.625, 6.5], "texture": "#0"},
				"east": {"uv": [6.125, 4, 6.5, 5.25], "texture": "#0"},
				"south": {"uv": [0.625, 5.25, 1.25, 6.5], "texture": "#0"},
				"west": {"uv": [6.125, 5.25, 6.5, 6.5], "texture": "#0"},
				"up": {"uv": [4.875, 7.375, 4.25, 7], "texture": "#0"},
				"down": {"uv": [7.625, 6.375, 7, 6.75], "texture": "#0"}
			}
		},
		{
			"name": "GearCaseOuter",
			"from": [10, -6, 17],
			"to": [15, 4, 20],
			"rotation": {"angle": 0, "axis": "y", "origin": [21, -9, -2]},
			"faces": {
				"north": {"uv": [5.25, 1.25, 5.875, 2.5], "texture": "#0"},
				"east": {"uv": [6.25, 0, 6.625, 1.25], "texture": "#0"},
				"south": {"uv": [5.25, 2.5, 5.875, 3.75], "texture": "#0"},
				"west": {"uv": [5.375, 6.25, 5.75, 7.5], "texture": "#0"},
				"up": {"uv": [7.625, 7.125, 7, 6.75], "texture": "#0"},
				"down": {"uv": [7.75, 0, 7.125, 0.375], "texture": "#0"}
			}
		},
		{
			"name": "GearCaseOuter",
			"from": [15.01, -7, 18],
			"to": [15.01, 5, 19],
			"rotation": {"angle": 0, "axis": "y", "origin": [21, -9, -2]},
			"faces": {
				"north": {"uv": [0, 0, 0, 1.5], "texture": "#0"},
				"east": {"uv": [4.75, 7.375, 4.875, 8.875], "texture": "#0"},
				"south": {"uv": [0, 0, 0, 1.5], "texture": "#0"},
				"west": {"uv": [1.125, 7.5, 1.25, 9], "texture": "#0"},
				"up": {"uv": [0, 0.125, 0, 0], "texture": "#0"},
				"down": {"uv": [0, 0, 0, 0.125], "texture": "#0"}
			}
		},
		{
			"name": "GearCaseOuter",
			"from": [15.01, -8, 17],
			"to": [15.01, 6, 18],
			"rotation": {"angle": 0, "axis": "y", "origin": [21, -9, -2]},
			"faces": {
				"north": {"uv": [0, 0, 0, 1.75], "texture": "#0"},
				"east": {"uv": [2, 2.75, 2.125, 4.5], "texture": "#0"},
				"south": {"uv": [0, 0, 0, 1.75], "texture": "#0"},
				"west": {"uv": [2.125, 2.75, 2.25, 4.5], "texture": "#0"},
				"up": {"uv": [0, 0.125, 0, 0], "texture": "#0"},
				"down": {"uv": [0, 0, 0, 0.125], "texture": "#0"}
			}
		},
		{
			"name": "GearCaseOuter",
			"from": [15.01, -8, -2],
			"to": [15.01, 6, -1],
			"rotation": {"angle": 0, "axis": "y", "origin": [21, -9, 18]},
			"faces": {
				"north": {"uv": [0, 0, 0, 1.75], "texture": "#0"},
				"east": {"uv": [4.875, 7, 5, 8.75], "texture": "#0"},
				"south": {"uv": [0, 0, 0, 1.75], "texture": "#0"},
				"west": {"uv": [5, 7, 5.125, 8.75], "texture": "#0"},
				"up": {"uv": [0, 0.125, 0, 0], "texture": "#0"},
				"down": {"uv": [0, 0, 0, 0.125], "texture": "#0"}
			}
		},
		{
			"name": "GearCaseOuter",
			"from": [15.01, -7, -3],
			"to": [15.01, 5, -2],
			"rotation": {"angle": 0, "axis": "y", "origin": [21, -9, 18]},
			"faces": {
				"north": {"uv": [0, 0, 0, 1.5], "texture": "#0"},
				"east": {"uv": [1.25, 7.5, 1.375, 9], "texture": "#0"},
				"south": {"uv": [0, 0, 0, 1.5], "texture": "#0"},
				"west": {"uv": [1.375, 7.5, 1.5, 9], "texture": "#0"},
				"up": {"uv": [0, 0.125, 0, 0], "texture": "#0"},
				"down": {"uv": [0, 0, 0, 0.125], "texture": "#0"}
			}
		},
		{
			"name": "GearCaseOuter",
			"from": [15.01, 4, 16],
			"to": [15.01, 7, 17],
			"rotation": {"angle": 0, "axis": "y", "origin": [21, -9, -2]},
			"faces": {
				"north": {"uv": [0, 0, 0, 0.375], "texture": "#0"},
				"east": {"uv": [1.875, 5.5, 2, 5.875], "texture": "#0"},
				"south": {"uv": [0, 0, 0, 0.375], "texture": "#0"},
				"west": {"uv": [5.375, 5.75, 5.5, 6.125], "texture": "#0"},
				"up": {"uv": [0, 0.125, 0, 0], "texture": "#0"},
				"down": {"uv": [0, 0, 0, 0.125], "texture": "#0"}
			}
		},
		{
			"name": "GearCaseOuter",
			"from": [15.01, 5, 15],
			"to": [15.01, 8, 16],
			"rotation": {"angle": 0, "axis": "y", "origin": [21, -9, -2]},
			"faces": {
				"north": {"uv": [0, 0, 0, 0.375], "texture": "#0"},
				"east": {"uv": [1.875, 5.875, 2, 6.25], "texture": "#0"},
				"south": {"uv": [0, 0, 0, 0.375], "texture": "#0"},
				"west": {"uv": [1.875, 6.25, 2, 6.625], "texture": "#0"},
				"up": {"uv": [0, 0.125, 0, 0], "texture": "#0"},
				"down": {"uv": [0, 0, 0, 0.125], "texture": "#0"}
			}
		},
		{
			"name": "GearCaseOuter",
			"from": [15.01, 6, 14],
			"to": [15.01, 9, 15],
			"rotation": {"angle": 0, "axis": "y", "origin": [21, -9, -2]},
			"faces": {
				"north": {"uv": [0, 0, 0, 0.375], "texture": "#0"},
				"east": {"uv": [6.625, 0.75, 6.75, 1.125], "texture": "#0"},
				"south": {"uv": [0, 0, 0, 0.375], "texture": "#0"},
				"west": {"uv": [1.5, 7.5, 1.625, 7.875], "texture": "#0"},
				"up": {"uv": [0, 0.125, 0, 0], "texture": "#0"},
				"down": {"uv": [0, 0, 0, 0.125], "texture": "#0"}
			}
		},
		{
			"name": "GearCaseOuter",
			"from": [15.01, 7, 13],
			"to": [15.01, 10, 14],
			"rotation": {"angle": 0, "axis": "y", "origin": [21, -9, -2]},
			"faces": {
				"north": {"uv": [0, 0, 0, 0.375], "texture": "#0"},
				"east": {"uv": [5.875, 7.5, 6, 7.875], "texture": "#0"},
				"south": {"uv": [0, 0, 0, 0.375], "texture": "#0"},
				"west": {"uv": [6, 7.5, 6.125, 7.875], "texture": "#0"},
				"up": {"uv": [0, 0.125, 0, 0], "texture": "#0"},
				"down": {"uv": [0, 0, 0, 0.125], "texture": "#0"}
			}
		},
		{
			"name": "GearCaseOuter",
			"from": [15.01, -9, -1],
			"to": [15.01, -6, 0],
			"rotation": {"angle": 0, "axis": "y", "origin": [21, 25, 18]},
			"faces": {
				"north": {"uv": [0, 0, 0, 0.375], "texture": "#0"},
				"east": {"uv": [7.5, 6, 7.625, 6.375], "texture": "#0"},
				"south": {"uv": [0, 0, 0, 0.375], "texture": "#0"},
				"west": {"uv": [7, 7.5, 7.125, 7.875], "texture": "#0"},
				"up": {"uv": [0, 0.125, 0, 0], "texture": "#0"},
				"down": {"uv": [0, 0, 0, 0.125], "texture": "#0"}
			}
		},
		{
			"name": "GearCaseOuter",
			"from": [15.01, -10, 0],
			"to": [15.01, -7, 1],
			"rotation": {"angle": 0, "axis": "y", "origin": [21, 25, 18]},
			"faces": {
				"north": {"uv": [0, 0, 0, 0.375], "texture": "#0"},
				"east": {"uv": [7.125, 7.5, 7.25, 7.875], "texture": "#0"},
				"south": {"uv": [0, 0, 0, 0.375], "texture": "#0"},
				"west": {"uv": [7.25, 7.5, 7.375, 7.875], "texture": "#0"},
				"up": {"uv": [0, 0.125, 0, 0], "texture": "#0"},
				"down": {"uv": [0, 0, 0, 0.125], "texture": "#0"}
			}
		},
		{
			"name": "GearCaseOuter",
			"from": [15.01, -11, 1],
			"to": [15.01, -8, 2],
			"rotation": {"angle": 0, "axis": "y", "origin": [21, 25, 18]},
			"faces": {
				"north": {"uv": [0, 0, 0, 0.375], "texture": "#0"},
				"east": {"uv": [7.375, 7.5, 7.5, 7.875], "texture": "#0"},
				"south": {"uv": [0, 0, 0, 0.375], "texture": "#0"},
				"west": {"uv": [7.5, 7.5, 7.625, 7.875], "texture": "#0"},
				"up": {"uv": [0, 0.125, 0, 0], "texture": "#0"},
				"down": {"uv": [0, 0, 0, 0.125], "texture": "#0"}
			}
		},
		{
			"name": "GearCaseOuter",
			"from": [15.01, -12, 2],
			"to": [15.01, -9, 3],
			"rotation": {"angle": 0, "axis": "y", "origin": [21, 25, 18]},
			"faces": {
				"north": {"uv": [0, 0, 0, 0.375], "texture": "#0"},
				"east": {"uv": [2, 7.625, 2.125, 8], "texture": "#0"},
				"south": {"uv": [0, 0, 0, 0.375], "texture": "#0"},
				"west": {"uv": [2.125, 7.625, 2.25, 8], "texture": "#0"},
				"up": {"uv": [0, 0.125, 0, 0], "texture": "#0"},
				"down": {"uv": [0, 0, 0, 0.125], "texture": "#0"}
			}
		},
		{
			"name": "GearCaseOuter",
			"from": [15.01, 4, -1],
			"to": [15.01, 7, 0],
			"rotation": {"angle": 0, "axis": "y", "origin": [21, -9, 18]},
			"faces": {
				"north": {"uv": [0, 0, 0, 0.375], "texture": "#0"},
				"east": {"uv": [2.25, 7.625, 2.375, 8], "texture": "#0"},
				"south": {"uv": [0, 0, 0, 0.375], "texture": "#0"},
				"west": {"uv": [7.625, 6, 7.75, 6.375], "texture": "#0"},
				"up": {"uv": [0, 0.125, 0, 0], "texture": "#0"},
				"down": {"uv": [0, 0, 0, 0.125], "texture": "#0"}
			}
		},
		{
			"name": "GearCaseOuter",
			"from": [15.01, 5, 0],
			"to": [15.01, 8, 1],
			"rotation": {"angle": 0, "axis": "y", "origin": [21, -9, 18]},
			"faces": {
				"north": {"uv": [0, 0, 0, 0.375], "texture": "#0"},
				"east": {"uv": [7.625, 6.375, 7.75, 6.75], "texture": "#0"},
				"south": {"uv": [0, 0, 0, 0.375], "texture": "#0"},
				"west": {"uv": [7.625, 6.75, 7.75, 7.125], "texture": "#0"},
				"up": {"uv": [0, 0.125, 0, 0], "texture": "#0"},
				"down": {"uv": [0, 0, 0, 0.125], "texture": "#0"}
			}
		},
		{
			"name": "GearCaseOuter",
			"from": [15.01, 6, 1],
			"to": [15.01, 9, 2],
			"rotation": {"angle": 0, "axis": "y", "origin": [21, -9, 18]},
			"faces": {
				"north": {"uv": [0, 0, 0, 0.375], "texture": "#0"},
				"east": {"uv": [7.625, 7.125, 7.75, 7.5], "texture": "#0"},
				"south": {"uv": [0, 0, 0, 0.375], "texture": "#0"},
				"west": {"uv": [7.625, 7.5, 7.75, 7.875], "texture": "#0"},
				"up": {"uv": [0, 0.125, 0, 0], "texture": "#0"},
				"down": {"uv": [0, 0, 0, 0.125], "texture": "#0"}
			}
		},
		{
			"name": "GearCaseOuter",
			"from": [15.01, 7, 2],
			"to": [15.01, 10, 3],
			"rotation": {"angle": 0, "axis": "y", "origin": [21, -9, 18]},
			"faces": {
				"north": {"uv": [0, 0, 0, 0.375], "texture": "#0"},
				"east": {"uv": [0, 7.75, 0.125, 8.125], "texture": "#0"},
				"south": {"uv": [0, 0, 0, 0.375], "texture": "#0"},
				"west": {"uv": [7.75, 0, 7.875, 0.375], "texture": "#0"},
				"up": {"uv": [0, 0.125, 0, 0], "texture": "#0"},
				"down": {"uv": [0, 0, 0, 0.125], "texture": "#0"}
			}
		},
		{
			"name": "GearCaseOuter",
			"from": [15.01, -9, 16],
			"to": [15.01, -6, 17],
			"rotation": {"angle": 0, "axis": "y", "origin": [21, 25, -2]},
			"faces": {
				"north": {"uv": [0, 0, 0, 0.375], "texture": "#0"},
				"east": {"uv": [0.125, 7.75, 0.25, 8.125], "texture": "#0"},
				"south": {"uv": [0, 0, 0, 0.375], "texture": "#0"},
				"west": {"uv": [0.25, 7.75, 0.375, 8.125], "texture": "#0"},
				"up": {"uv": [0, 0.125, 0, 0], "texture": "#0"},
				"down": {"uv": [0, 0, 0, 0.125], "texture": "#0"}
			}
		},
		{
			"name": "GearCaseOuter",
			"from": [15.01, -10, 15],
			"to": [15.01, -7, 16],
			"rotation": {"angle": 0, "axis": "y", "origin": [21, 25, -2]},
			"faces": {
				"north": {"uv": [0, 0, 0, 0.375], "texture": "#0"},
				"east": {"uv": [0.375, 7.75, 0.5, 8.125], "texture": "#0"},
				"south": {"uv": [0, 0, 0, 0.375], "texture": "#0"},
				"west": {"uv": [7.75, 0.375, 7.875, 0.75], "texture": "#0"},
				"up": {"uv": [0, 0.125, 0, 0], "texture": "#0"},
				"down": {"uv": [0, 0, 0, 0.125], "texture": "#0"}
			}
		},
		{
			"name": "GearCaseOuter",
			"from": [15.01, -11, 14],
			"to": [15.01, -8, 15],
			"rotation": {"angle": 0, "axis": "y", "origin": [21, 25, -2]},
			"faces": {
				"north": {"uv": [0, 0, 0, 0.375], "texture": "#0"},
				"east": {"uv": [0.5, 7.75, 0.625, 8.125], "texture": "#0"},
				"south": {"uv": [0, 0, 0, 0.375], "texture": "#0"},
				"west": {"uv": [0.625, 7.75, 0.75, 8.125], "texture": "#0"},
				"up": {"uv": [0, 0.125, 0, 0], "texture": "#0"},
				"down": {"uv": [0, 0, 0, 0.125], "texture": "#0"}
			}
		},
		{
			"name": "GearCaseOuter",
			"from": [15.01, -12, 13],
			"to": [15.01, -9, 14],
			"rotation": {"angle": 0, "axis": "y", "origin": [21, 25, -2]},
			"faces": {
				"north": {"uv": [0, 0, 0, 0.375], "texture": "#0"},
				"east": {"uv": [0.75, 7.75, 0.875, 8.125], "texture": "#0"},
				"south": {"uv": [0, 0, 0, 0.375], "texture": "#0"},
				"west": {"uv": [0.875, 7.75, 1, 8.125], "texture": "#0"},
				"up": {"uv": [0, 0.125, 0, 0], "texture": "#0"},
				"down": {"uv": [0, 0, 0, 0.125], "texture": "#0"}
			}
		},
		{
			"name": "GearCaseOuter",
			"from": [15.01, 8, 3],
			"to": [15.01, 10, 13],
			"rotation": {"angle": 0, "axis": "y", "origin": [21, -9, -2]},
			"faces": {
				"north": {"uv": [0, 0, 0, 0.25], "texture": "#0"},
				"east": {"uv": [6.75, 2.25, 8, 2.5], "texture": "#0"},
				"south": {"uv": [0, 0, 0, 0.25], "texture": "#0"},
				"west": {"uv": [6.875, 5.25, 8.125, 5.5], "texture": "#0"},
				"up": {"uv": [0, 1.25, 0, 0], "texture": "#0"},
				"down": {"uv": [0, 0, 0, 1.25], "texture": "#0"}
			}
		},
		{
			"name": "GearCaseOuter",
			"from": [15.01, -12, 3],
			"to": [15.01, -10, 13],
			"rotation": {"angle": 0, "axis": "y", "origin": [21, -9, -2]},
			"faces": {
				"north": {"uv": [0, 0, 0, 0.25], "texture": "#0"},
				"east": {"uv": [6.875, 5.5, 8.125, 5.75], "texture": "#0"},
				"south": {"uv": [0, 0, 0, 0.25], "texture": "#0"},
				"west": {"uv": [6.875, 5.75, 8.125, 6], "texture": "#0"},
				"up": {"uv": [0, 1.25, 0, 0], "texture": "#0"},
				"down": {"uv": [0, 0, 0, 1.25], "texture": "#0"}
			}
		},
		{
			"name": "GearCaseOuter",
			"from": [10, 4, 17],
			"to": [14.98, 13.9, 20],
			"rotation": {"angle": -45, "axis": "x", "origin": [12, 4, 20]},
			"faces": {
				"north": {"uv": [1.25, 5.5, 1.875, 6.75], "texture": "#0"},
				"east": {"uv": [5.75, 6.25, 6.125, 7.5], "texture": "#0"},
				"south": {"uv": [5.5, 3.75, 6.125, 5], "texture": "#0"},
				"west": {"uv": [6.375, 1.25, 6.75, 2.5], "texture": "#0"},
				"up": {"uv": [7.75, 0.75, 7.125, 0.375], "texture": "#0"},
				"down": {"uv": [7.75, 2.5, 7.125, 2.875], "texture": "#0"}
			}
		},
		{
			"name": "GearCaseOuter",
			"from": [10, 4, -4],
			"to": [14.98, 13.9, -1],
			"rotation": {"angle": 45, "axis": "x", "origin": [12, 4, -4]},
			"faces": {
				"north": {"uv": [5.5, 5, 6.125, 6.25], "texture": "#0"},
				"east": {"uv": [0, 6.5, 0.375, 7.75], "texture": "#0"},
				"south": {"uv": [5.625, 0, 6.25, 1.25], "texture": "#0"},
				"west": {"uv": [0.375, 6.5, 0.75, 7.75], "texture": "#0"},
				"up": {"uv": [7.75, 3.25, 7.125, 2.875], "texture": "#0"},
				"down": {"uv": [7.75, 3.25, 7.125, 3.625], "texture": "#0"}
			}
		},
		{
			"name": "GearCaseOuter",
			"from": [10, -15.9, -4],
			"to": [14.98, -6, -1],
			"rotation": {"angle": -45, "axis": "x", "origin": [12, -6, -4]},
			"faces": {
				"north": {"uv": [2.375, 5.75, 3, 7], "texture": "#0"},
				"east": {"uv": [0.75, 6.5, 1.125, 7.75], "texture": "#0"},
				"south": {"uv": [3, 5.75, 3.625, 7], "texture": "#0"},
				"west": {"uv": [6.5, 4, 6.875, 5.25], "texture": "#0"},
				"up": {"uv": [7.625, 7.5, 7, 7.125], "texture": "#0"},
				"down": {"uv": [7.875, 0.75, 7.25, 1.125], "texture": "#0"}
			}
		},
		{
			"name": "GearCaseOuter",
			"from": [10, -15.9, 17],
			"to": [14.98, -6, 20],
			"rotation": {"angle": 45, "axis": "x", "origin": [12, -6, 20]},
			"faces": {
				"north": {"uv": [3.625, 5.75, 4.25, 7], "texture": "#0"},
				"east": {"uv": [6.5, 5.25, 6.875, 6.5], "texture": "#0"},
				"south": {"uv": [4.25, 5.75, 4.875, 7], "texture": "#0"},
				"west": {"uv": [6.125, 6.5, 6.5, 7.75], "texture": "#0"},
				"up": {"uv": [7.875, 1.5, 7.25, 1.125], "texture": "#0"},
				"down": {"uv": [7.875, 1.5, 7.25, 1.875], "texture": "#0"}
			}
		},
		{
			"name": "GearCaseOuter",
			"from": [4, -6, 3],
			"to": [9, 4, 13],
			"rotation": {"angle": 0, "axis": "y", "origin": [-5, -9, 16]},
			"faces": {
				"north": {"uv": [3, 4.5, 3.625, 5.75], "texture": "#0"},
				"east": {"uv": [0, 1.25, 1.25, 2.5], "texture": "#0"},
				"south": {"uv": [2.375, 4.5, 3, 5.75], "texture": "#0"},
				"west": {"uv": [0, 0, 1.25, 1.25], "texture": "#0"},
				"up": {"uv": [3.625, 4.5, 4.25, 5.75], "texture": "#0"},
				"down": {"uv": [4.25, 5.75, 4.875, 4.5], "texture": "#0"}
			}
		},
		{
			"name": "GearCaseOuter",
			"from": [1, -6, 5],
			"to": [5, 4, 11],
			"rotation": {"angle": 0, "axis": "y", "origin": [-5, -9, 16]},
			"faces": {
				"north": {"uv": [5.875, 1.25, 6.375, 2.5], "texture": "#0"},
				"east": {"uv": [2.75, 3.25, 3.5, 4.5], "texture": "#0"},
				"south": {"uv": [4.875, 5.75, 5.375, 7], "texture": "#0"},
				"west": {"uv": [2.75, 2, 3.5, 3.25], "texture": "#0"},
				"up": {"uv": [4.75, 1.25, 5.25, 2], "texture": "#0"},
				"down": {"uv": [6.5, 7.25, 7, 6.5], "texture": "#0"}
			}
		},
		{
			"name": "GearCaseOuter",
			"from": [1, -4, 3],
			"to": [5, 2, 5],
			"rotation": {"angle": 0, "axis": "y", "origin": [-5, -9, 16]},
			"faces": {
				"north": {"uv": [6.75, 0.75, 7.25, 1.5], "texture": "#0"},
				"east": {"uv": [5.125, 7, 5.375, 7.75], "texture": "#0"},
				"south": {"uv": [6.625, 0, 7.125, 0.75], "texture": "#0"},
				"west": {"uv": [5.25, 3.75, 5.5, 4.5], "texture": "#0"},
				"up": {"uv": [0, 5, 0.5, 5.25], "texture": "#0"},
				"down": {"uv": [7.375, 4.875, 7.875, 4.625], "texture": "#0"}
			}
		},
		{
			"name": "GearCaseOuter",
			"from": [1, -4, 11],
			"to": [5, 2, 13],
			"rotation": {"angle": 0, "axis": "y", "origin": [-5, -9, 16]},
			"faces": {
				"north": {"uv": [6.75, 1.5, 7.25, 2.25], "texture": "#0"},
				"east": {"uv": [6.75, 7.25, 7, 8], "texture": "#0"},
				"south": {"uv": [1.125, 6.75, 1.625, 7.5], "texture": "#0"},
				"west": {"uv": [6.5, 7.25, 6.75, 8], "texture": "#0"},
				"up": {"uv": [7.375, 4.875, 7.875, 5.125], "texture": "#0"},
				"down": {"uv": [5.375, 7.75, 5.875, 7.5], "texture": "#0"}
			}
		},
		{
			"name": "GearCaseOuter",
			"from": [2, -12, 6],
			"to": [5, 10, 10],
			"rotation": {"angle": -45, "axis": "x", "origin": [5, -1, 8]},
			"faces": {
				"north": {"uv": [0.875, 2.5, 1.25, 5.25], "texture": "#0"},
				"east": {"uv": [1.75, 0, 2.25, 2.75], "texture": "#0"},
				"south": {"uv": [0.5, 2.5, 0.875, 5.25], "texture": "#0"},
				"west": {"uv": [1.25, 0, 1.75, 2.75], "texture": "#0"},
				"up": {"uv": [1.625, 7.375, 2, 7.875], "texture": "#0"},
				"down": {"uv": [2.375, 7.875, 2.75, 7.375], "texture": "#0"}
			}
		},
		{
			"name": "GearCaseOuter",
			"from": [2, -3, -2],
			"to": [5, 1, 18],
			"rotation": {"angle": 0, "axis": "y", "origin": [5, -1, 8]},
			"faces": {
				"north": {"uv": [3.125, 7.375, 3.5, 7.875], "texture": "#0"},
				"east": {"uv": [2.25, 1.5, 4.75, 2], "texture": "#0"},
				"south": {"uv": [2.75, 7.375, 3.125, 7.875], "texture": "#0"},
				"west": {"uv": [2.25, 1, 4.75, 1.5], "texture": "#0"},
				"up": {"uv": [3.5, 2, 3.875, 4.5], "texture": "#0"},
				"down": {"uv": [3.875, 4.5, 4.25, 2], "texture": "#0"}
			}
		},
		{
			"name": "GearCaseOuter",
			"from": [2, -3, -3],
			"to": [5, 1, 19],
			"rotation": {"angle": -45, "axis": "x", "origin": [5, -1, 8]},
			"faces": {
				"north": {"uv": [7.375, 3.625, 7.75, 4.125], "texture": "#0"},
				"east": {"uv": [2.25, 0.5, 5, 1], "texture": "#0"},
				"south": {"uv": [3.5, 7.375, 3.875, 7.875], "texture": "#0"},
				"west": {"uv": [2.25, 0, 5, 0.5], "texture": "#0"},
				"up": {"uv": [1.25, 2.75, 1.625, 5.5], "texture": "#0"},
				"down": {"uv": [1.625, 5.5, 2, 2.75], "texture": "#0"}
			}
		},
		{
			"name": "GearCaseOuter",
			"from": [2, -11, 6],
			"to": [5, 9, 10],
			"rotation": {"angle": 0, "axis": "y", "origin": [5, -1, 8]},
			"faces": {
				"north": {"uv": [2, 4.5, 2.375, 7], "texture": "#0"},
				"east": {"uv": [0, 2.5, 0.5, 5], "texture": "#0"},
				"south": {"uv": [4.25, 2, 4.625, 4.5], "texture": "#0"},
				"west": {"uv": [2.25, 2, 2.75, 4.5], "texture": "#0"},
				"up": {"uv": [3.875, 7.375, 4.25, 7.875], "texture": "#0"},
				"down": {"uv": [7.375, 4.625, 7.75, 4.125], "texture": "#0"}
			}
		},
		{
			"name": "GearCaseOuter",
			"from": [1.02, -16, 6.5],
			"to": [5.02, -11, 9.5],
			"rotation": {"angle": 22.5, "axis": "x", "origin": [5, -1, 8]},
			"faces": {
				"north": {"uv": [6.875, 4.625, 7.375, 5.25], "texture": "#0"},
				"east": {"uv": [2, 7, 2.375, 7.625], "texture": "#0"},
				"south": {"uv": [6.875, 4, 7.375, 4.625], "texture": "#0"},
				"west": {"uv": [1.625, 6.75, 2, 7.375], "texture": "#0"},
				"up": {"uv": [7.25, 1.875, 7.75, 2.25], "texture": "#0"},
				"down": {"uv": [4.25, 7.75, 4.75, 7.375], "texture": "#0"}
			}
		},
		{
			"name": "GearCaseOuter",
			"from": [1.02, -16, 6.5],
			"to": [5.02, -11, 9.5],
			"rotation": {"angle": 45, "axis": "x", "origin": [5, -1, 8]},
			"faces": {
				"north": {"uv": [6.875, 4.625, 7.375, 5.25], "texture": "#0"},
				"east": {"uv": [2, 7, 2.375, 7.625], "texture": "#0"},
				"south": {"uv": [6.875, 4, 7.375, 4.625], "texture": "#0"},
				"west": {"uv": [1.625, 6.75, 2, 7.375], "texture": "#0"},
				"up": {"uv": [7.25, 1.875, 7.75, 2.25], "texture": "#0"},
				"down": {"uv": [4.25, 7.75, 4.75, 7.375], "texture": "#0"}
			}
		},
		{
			"name": "GearCaseOuter",
			"from": [1.02, -2.5, -7],
			"to": [5.02, 0.5, -2],
			"rotation": {"angle": -22.5, "axis": "x", "origin": [5, -1, 8]},
			"faces": {
				"north": {"uv": [4.75, 7.375, 4.25, 7.75], "texture": "#0"},
				"east": {"uv": [2, 7, 2.375, 7.625], "rotation": 270, "texture": "#0"},
				"south": {"uv": [7.75, 2.25, 7.25, 1.875], "rotation": 180, "texture": "#0"},
				"west": {"uv": [1.625, 6.75, 2, 7.375], "rotation": 90, "texture": "#0"},
				"up": {"uv": [7.375, 5.25, 6.875, 4.625], "texture": "#0"},
				"down": {"uv": [7.375, 4.625, 6.875, 4], "rotation": 180, "texture": "#0"}
			}
		},
		{
			"name": "GearCaseOuter",
			"from": [1.02, -2.5, -7],
			"to": [5.02, 0.5, -2],
			"rotation": {"angle": 0, "axis": "x", "origin": [5, -1, 8]},
			"faces": {
				"north": {"uv": [4.75, 7.375, 4.25, 7.75], "texture": "#0"},
				"east": {"uv": [2, 7, 2.375, 7.625], "rotation": 270, "texture": "#0"},
				"south": {"uv": [7.75, 2.25, 7.25, 1.875], "rotation": 180, "texture": "#0"},
				"west": {"uv": [1.625, 6.75, 2, 7.375], "rotation": 90, "texture": "#0"},
				"up": {"uv": [7.375, 5.25, 6.875, 4.625], "texture": "#0"},
				"down": {"uv": [7.375, 4.625, 6.875, 4], "rotation": 180, "texture": "#0"}
			}
		},
		{
			"name": "GearCaseOuter",
			"from": [1.02, -2.5, -7],
			"to": [5.02, 0.5, -2],
			"rotation": {"angle": 22.5, "axis": "x", "origin": [5, -1, 8]},
			"faces": {
				"north": {"uv": [4.75, 7.375, 4.25, 7.75], "texture": "#0"},
				"east": {"uv": [2, 7, 2.375, 7.625], "rotation": 270, "texture": "#0"},
				"south": {"uv": [7.75, 2.25, 7.25, 1.875], "rotation": 180, "texture": "#0"},
				"west": {"uv": [1.625, 6.75, 2, 7.375], "rotation": 90, "texture": "#0"},
				"up": {"uv": [7.375, 5.25, 6.875, 4.625], "texture": "#0"},
				"down": {"uv": [7.375, 4.625, 6.875, 4], "rotation": 180, "texture": "#0"}
			}
		},
		{
			"name": "GearCaseOuter",
			"from": [1.02, -2.5, -7],
			"to": [5.02, 0.5, -2],
			"rotation": {"angle": 45, "axis": "x", "origin": [5, -1, 8]},
			"faces": {
				"north": {"uv": [4.75, 7.375, 4.25, 7.75], "texture": "#0"},
				"east": {"uv": [2, 7, 2.375, 7.625], "rotation": 270, "texture": "#0"},
				"south": {"uv": [7.75, 2.25, 7.25, 1.875], "rotation": 180, "texture": "#0"},
				"west": {"uv": [1.625, 6.75, 2, 7.375], "rotation": 90, "texture": "#0"},
				"up": {"uv": [7.375, 5.25, 6.875, 4.625], "texture": "#0"},
				"down": {"uv": [7.375, 4.625, 6.875, 4], "rotation": 180, "texture": "#0"}
			}
		},
		{
			"name": "GearCaseOuter",
			"from": [1.02, 9, 6.5],
			"to": [5.02, 14, 9.5],
			"rotation": {"angle": -22.5, "axis": "x", "origin": [5, -1, 8]},
			"faces": {
				"north": {"uv": [6.875, 4, 7.375, 4.625], "rotation": 180, "texture": "#0"},
				"east": {"uv": [2, 7, 2.375, 7.625], "rotation": 180, "texture": "#0"},
				"south": {"uv": [6.875, 4.625, 7.375, 5.25], "rotation": 180, "texture": "#0"},
				"west": {"uv": [1.625, 6.75, 2, 7.375], "rotation": 180, "texture": "#0"},
				"up": {"uv": [4.25, 7.75, 4.75, 7.375], "texture": "#0"},
				"down": {"uv": [7.25, 1.875, 7.75, 2.25], "texture": "#0"}
			}
		},
		{
			"name": "GearCaseOuter",
			"from": [1.02, 9, 6.5],
			"to": [5.02, 14, 9.5],
			"rotation": {"angle": 0, "axis": "x", "origin": [5, -1, 8]},
			"faces": {
				"north": {"uv": [6.875, 4, 7.375, 4.625], "rotation": 180, "texture": "#0"},
				"east": {"uv": [2, 7, 2.375, 7.625], "rotation": 180, "texture": "#0"},
				"south": {"uv": [6.875, 4.625, 7.375, 5.25], "rotation": 180, "texture": "#0"},
				"west": {"uv": [1.625, 6.75, 2, 7.375], "rotation": 180, "texture": "#0"},
				"up": {"uv": [4.25, 7.75, 4.75, 7.375], "texture": "#0"},
				"down": {"uv": [7.25, 1.875, 7.75, 2.25], "texture": "#0"}
			}
		},
		{
			"name": "GearCaseOuter",
			"from": [1.02, 9, 6.5],
			"to": [5.02, 14, 9.5],
			"rotation": {"angle": 22.5, "axis": "x", "origin": [5, -1, 8]},
			"faces": {
				"north": {"uv": [6.875, 4, 7.375, 4.625], "rotation": 180, "texture": "#0"},
				"east": {"uv": [2, 7, 2.375, 7.625], "rotation": 180, "texture": "#0"},
				"south": {"uv": [6.875, 4.625, 7.375, 5.25], "rotation": 180, "texture": "#0"},
				"west": {"uv": [1.625, 6.75, 2, 7.375], "rotation": 180, "texture": "#0"},
				"up": {"uv": [4.25, 7.75, 4.75, 7.375], "texture": "#0"},
				"down": {"uv": [7.25, 1.875, 7.75, 2.25], "texture": "#0"}
			}
		},
		{
			"name": "GearCaseOuter",
			"from": [1.02, 9, 6.5],
			"to": [5.02, 14, 9.5],
			"rotation": {"angle": 45, "axis": "x", "origin": [5, -1, 8]},
			"faces": {
				"north": {"uv": [6.875, 4, 7.375, 4.625], "rotation": 180, "texture": "#0"},
				"east": {"uv": [2, 7, 2.375, 7.625], "rotation": 180, "texture": "#0"},
				"south": {"uv": [6.875, 4.625, 7.375, 5.25], "rotation": 180, "texture": "#0"},
				"west": {"uv": [1.625, 6.75, 2, 7.375], "rotation": 180, "texture": "#0"},
				"up": {"uv": [4.25, 7.75, 4.75, 7.375], "texture": "#0"},
				"down": {"uv": [7.25, 1.875, 7.75, 2.25], "texture": "#0"}
			}
		},
		{
			"name": "GearCaseOuter",
			"from": [1.02, -2.5, 18],
			"to": [5.02, 0.5, 23],
			"rotation": {"angle": -22.5, "axis": "x", "origin": [5, -1, 8]},
			"faces": {
				"north": {"uv": [7.75, 2.25, 7.25, 1.875], "texture": "#0"},
				"east": {"uv": [2, 7, 2.375, 7.625], "rotation": 90, "texture": "#0"},
				"south": {"uv": [4.75, 7.375, 4.25, 7.75], "rotation": 180, "texture": "#0"},
				"west": {"uv": [1.625, 6.75, 2, 7.375], "rotation": 270, "texture": "#0"},
				"up": {"uv": [7.375, 4.625, 6.875, 4], "rotation": 180, "texture": "#0"},
				"down": {"uv": [7.375, 5.25, 6.875, 4.625], "texture": "#0"}
			}
		},
		{
			"name": "GearCaseOuter",
			"from": [1.02, -2.5, 18],
			"to": [5.02, 0.5, 23],
			"rotation": {"angle": 0, "axis": "x", "origin": [5, -1, 8]},
			"faces": {
				"north": {"uv": [7.75, 2.25, 7.25, 1.875], "texture": "#0"},
				"east": {"uv": [2, 7, 2.375, 7.625], "rotation": 90, "texture": "#0"},
				"south": {"uv": [4.75, 7.375, 4.25, 7.75], "rotation": 180, "texture": "#0"},
				"west": {"uv": [1.625, 6.75, 2, 7.375], "rotation": 270, "texture": "#0"},
				"up": {"uv": [7.375, 4.625, 6.875, 4], "rotation": 180, "texture": "#0"},
				"down": {"uv": [7.375, 5.25, 6.875, 4.625], "texture": "#0"}
			}
		},
		{
			"name": "GearCaseOuter",
			"from": [1.02, -2.5, 18],
			"to": [5.02, 0.5, 23],
			"rotation": {"angle": 22.5, "axis": "x", "origin": [5, -1, 8]},
			"faces": {
				"north": {"uv": [7.75, 2.25, 7.25, 1.875], "texture": "#0"},
				"east": {"uv": [2, 7, 2.375, 7.625], "rotation": 90, "texture": "#0"},
				"south": {"uv": [4.75, 7.375, 4.25, 7.75], "rotation": 180, "texture": "#0"},
				"west": {"uv": [1.625, 6.75, 2, 7.375], "rotation": 270, "texture": "#0"},
				"up": {"uv": [7.375, 4.625, 6.875, 4], "rotation": 180, "texture": "#0"},
				"down": {"uv": [7.375, 5.25, 6.875, 4.625], "texture": "#0"}
			}
		},
		{
			"name": "GearCaseOuter",
			"from": [1.02, -2.5, 18],
			"to": [5.02, 0.5, 23],
			"rotation": {"angle": 45, "axis": "x", "origin": [5, -1, 8]},
			"faces": {
				"north": {"uv": [7.75, 2.25, 7.25, 1.875], "texture": "#0"},
				"east": {"uv": [2, 7, 2.375, 7.625], "rotation": 90, "texture": "#0"},
				"south": {"uv": [4.75, 7.375, 4.25, 7.75], "rotation": 180, "texture": "#0"},
				"west": {"uv": [1.625, 6.75, 2, 7.375], "rotation": 270, "texture": "#0"},
				"up": {"uv": [7.375, 4.625, 6.875, 4], "rotation": 180, "texture": "#0"},
				"down": {"uv": [7.375, 5.25, 6.875, 4.625], "texture": "#0"}
			}
		},
		{
			"name": "GearCaseOuter",
			"from": [1.02, -16, 6.5],
			"to": [5.02, -11, 9.5],
			"rotation": {"angle": -22.5, "axis": "x", "origin": [5, -1, 8]},
			"faces": {
				"north": {"uv": [6.875, 4.625, 7.375, 5.25], "texture": "#0"},
				"east": {"uv": [2, 7, 2.375, 7.625], "texture": "#0"},
				"south": {"uv": [6.875, 4, 7.375, 4.625], "texture": "#0"},
				"west": {"uv": [1.625, 6.75, 2, 7.375], "texture": "#0"},
				"up": {"uv": [7.25, 1.875, 7.75, 2.25], "texture": "#0"},
				"down": {"uv": [4.25, 7.75, 4.75, 7.375], "texture": "#0"}
			}
		},
		{
			"name": "GearCaseOuter",
			"from": [1.02, -16, 6.5],
			"to": [5.02, -11, 9.5],
			"rotation": {"angle": 0, "axis": "y", "origin": [5, 0, 8]},
			"faces": {
				"north": {"uv": [6.875, 4.625, 7.375, 5.25], "texture": "#0"},
				"east": {"uv": [2, 7, 2.375, 7.625], "texture": "#0"},
				"south": {"uv": [6.875, 4, 7.375, 4.625], "texture": "#0"},
				"west": {"uv": [1.625, 6.75, 2, 7.375], "texture": "#0"},
				"up": {"uv": [7.25, 1.875, 7.75, 2.25], "texture": "#0"},
				"down": {"uv": [4.25, 7.75, 4.75, 7.375], "texture": "#0"}
			}
		},
		{
			"name": "GearCaseOuter",
			"from": [1, 8, 3],
			"to": [6, 11, 13],
			"rotation": {"angle": 0, "axis": "y", "origin": [-5, -11, 16]},
			"faces": {
				"north": {"uv": [2.375, 7, 3, 7.375], "texture": "#0"},
				"east": {"uv": [5.875, 2.875, 7.125, 3.25], "texture": "#0"},
				"south": {"uv": [6.875, 6, 7.5, 6.375], "texture": "#0"},
				"west": {"uv": [5.875, 2.5, 7.125, 2.875], "texture": "#0"},
				"up": {"uv": [4.625, 2, 5.25, 3.25], "texture": "#0"},
				"down": {"uv": [4.625, 4.5, 5.25, 3.25], "texture": "#0"}
			}
		},
		{
			"name": "GearCaseOuter",
			"from": [1, -13, 3],
			"to": [6, -10, 13],
			"rotation": {"angle": 0, "axis": "y", "origin": [-5, -7, 16]},
			"faces": {
				"north": {"uv": [3.625, 7, 4.25, 7.375], "texture": "#0"},
				"east": {"uv": [6.125, 3.625, 7.375, 4], "texture": "#0"},
				"south": {"uv": [3, 7, 3.625, 7.375], "texture": "#0"},
				"west": {"uv": [5.875, 3.25, 7.125, 3.625], "texture": "#0"},
				"up": {"uv": [4.875, 4.5, 5.5, 5.75], "texture": "#0"},
				"down": {"uv": [5, 1.25, 5.625, 0], "texture": "#0"}
			}
		},
		{
			"name": "GearCaseOuter",
			"from": [1, -6, 17],
			"to": [6, 4, 20],
			"rotation": {"angle": 0, "axis": "y", "origin": [-5, -9, 14]},
			"faces": {
				"north": {"uv": [0.625, 5.25, 1.25, 6.5], "texture": "#0"},
				"east": {"uv": [6.125, 5.25, 6.5, 6.5], "texture": "#0"},
				"south": {"uv": [0, 5.25, 0.625, 6.5], "texture": "#0"},
				"west": {"uv": [6.125, 4, 6.5, 5.25], "texture": "#0"},
				"up": {"uv": [4.25, 7, 4.875, 7.375], "texture": "#0"},
				"down": {"uv": [7, 6.75, 7.625, 6.375], "texture": "#0"}
			}
		},
		{
			"name": "GearCaseOuter",
			"from": [1, -6, -4],
			"to": [6, 4, -1],
			"rotation": {"angle": 0, "axis": "y", "origin": [-5, -9, 18]},
			"faces": {
				"north": {"uv": [5.25, 2.5, 5.875, 3.75], "texture": "#0"},
				"east": {"uv": [5.375, 6.25, 5.75, 7.5], "texture": "#0"},
				"south": {"uv": [5.25, 1.25, 5.875, 2.5], "texture": "#0"},
				"west": {"uv": [6.25, 0, 6.625, 1.25], "texture": "#0"},
				"up": {"uv": [7, 6.75, 7.625, 7.125], "texture": "#0"},
				"down": {"uv": [7.125, 0.375, 7.75, 0], "texture": "#0"}
			}
		},
		{
			"name": "GearCaseOuter",
			"from": [0.99, -7, -3],
			"to": [0.99, 5, -2],
			"rotation": {"angle": 0, "axis": "y", "origin": [-5, -9, 18]},
			"faces": {
				"north": {"uv": [0, 0, 0, 1.5], "texture": "#0"},
				"east": {"uv": [1.125, 7.5, 1.25, 9], "texture": "#0"},
				"south": {"uv": [0, 0, 0, 1.5], "texture": "#0"},
				"west": {"uv": [4.75, 7.375, 4.875, 8.875], "texture": "#0"},
				"up": {"uv": [0, 0, 0, 0.125], "texture": "#0"},
				"down": {"uv": [0, 0.125, 0, 0], "texture": "#0"}
			}
		},
		{
			"name": "GearCaseOuter",
			"from": [0.99, -8, -2],
			"to": [0.99, 6, -1],
			"rotation": {"angle": 0, "axis": "y", "origin": [-5, -9, 18]},
			"faces": {
				"north": {"uv": [0, 0, 0, 1.75], "texture": "#0"},
				"east": {"uv": [2.125, 2.75, 2.25, 4.5], "texture": "#0"},
				"south": {"uv": [0, 0, 0, 1.75], "texture": "#0"},
				"west": {"uv": [2, 2.75, 2.125, 4.5], "texture": "#0"},
				"up": {"uv": [0, 0, 0, 0.125], "texture": "#0"},
				"down": {"uv": [0, 0.125, 0, 0], "texture": "#0"}
			}
		},
		{
			"name": "GearCaseOuter",
			"from": [0.99, -8, 17],
			"to": [0.99, 6, 18],
			"rotation": {"angle": 0, "axis": "y", "origin": [-5, -9, -2]},
			"faces": {
				"north": {"uv": [0, 0, 0, 1.75], "texture": "#0"},
				"east": {"uv": [5, 7, 5.125, 8.75], "texture": "#0"},
				"south": {"uv": [0, 0, 0, 1.75], "texture": "#0"},
				"west": {"uv": [4.875, 7, 5, 8.75], "texture": "#0"},
				"up": {"uv": [0, 0, 0, 0.125], "texture": "#0"},
				"down": {"uv": [0, 0.125, 0, 0], "texture": "#0"}
			}
		},
		{
			"name": "GearCaseOuter",
			"from": [0.99, -7, 18],
			"to": [0.99, 5, 19],
			"rotation": {"angle": 0, "axis": "y", "origin": [-5, -9, -2]},
			"faces": {
				"north": {"uv": [0, 0, 0, 1.5], "texture": "#0"},
				"east": {"uv": [1.375, 7.5, 1.5, 9], "texture": "#0"},
				"south": {"uv": [0, 0, 0, 1.5], "texture": "#0"},
				"west": {"uv": [1.25, 7.5, 1.375, 9], "texture": "#0"},
				"up": {"uv": [0, 0, 0, 0.125], "texture": "#0"},
				"down": {"uv": [0, 0.125, 0, 0], "texture": "#0"}
			}
		},
		{
			"name": "GearCaseOuter",
			"from": [0.99, 4, -1],
			"to": [0.99, 7, 0],
			"rotation": {"angle": 0, "axis": "y", "origin": [-5, -9, 18]},
			"faces": {
				"north": {"uv": [0, 0, 0, 0.375], "texture": "#0"},
				"east": {"uv": [5.375, 5.75, 5.5, 6.125], "texture": "#0"},
				"south": {"uv": [0, 0, 0, 0.375], "texture": "#0"},
				"west": {"uv": [1.875, 5.5, 2, 5.875], "texture": "#0"},
				"up": {"uv": [0, 0, 0, 0.125], "texture": "#0"},
				"down": {"uv": [0, 0.125, 0, 0], "texture": "#0"}
			}
		},
		{
			"name": "GearCaseOuter",
			"from": [0.99, 5, 0],
			"to": [0.99, 8, 1],
			"rotation": {"angle": 0, "axis": "y", "origin": [-5, -9, 18]},
			"faces": {
				"north": {"uv": [0, 0, 0, 0.375], "texture": "#0"},
				"east": {"uv": [1.875, 6.25, 2, 6.625], "texture": "#0"},
				"south": {"uv": [0, 0, 0, 0.375], "texture": "#0"},
				"west": {"uv": [1.875, 5.875, 2, 6.25], "texture": "#0"},
				"up": {"uv": [0, 0, 0, 0.125], "texture": "#0"},
				"down": {"uv": [0, 0.125, 0, 0], "texture": "#0"}
			}
		},
		{
			"name": "GearCaseOuter",
			"from": [0.99, 6, 1],
			"to": [0.99, 9, 2],
			"rotation": {"angle": 0, "axis": "y", "origin": [-5, -9, 18]},
			"faces": {
				"north": {"uv": [0, 0, 0, 0.375], "texture": "#0"},
				"east": {"uv": [1.5, 7.5, 1.625, 7.875], "texture": "#0"},
				"south": {"uv": [0, 0, 0, 0.375], "texture": "#0"},
				"west": {"uv": [6.625, 0.75, 6.75, 1.125], "texture": "#0"},
				"up": {"uv": [0, 0, 0, 0.125], "texture": "#0"},
				"down": {"uv": [0, 0.125, 0, 0], "texture": "#0"}
			}
		},
		{
			"name": "GearCaseOuter",
			"from": [0.99, 7, 2],
			"to": [0.99, 10, 3],
			"rotation": {"angle": 0, "axis": "y", "origin": [-5, -9, 18]},
			"faces": {
				"north": {"uv": [0, 0, 0, 0.375], "texture": "#0"},
				"east": {"uv": [6, 7.5, 6.125, 7.875], "texture": "#0"},
				"south": {"uv": [0, 0, 0, 0.375], "texture": "#0"},
				"west": {"uv": [5.875, 7.5, 6, 7.875], "texture": "#0"},
				"up": {"uv": [0, 0, 0, 0.125], "texture": "#0"},
				"down": {"uv": [0, 0.125, 0, 0], "texture": "#0"}
			}
		},
		{
			"name": "GearCaseOuter",
			"from": [0.99, -9, 16],
			"to": [0.99, -6, 17],
			"rotation": {"angle": 0, "axis": "y", "origin": [-5, 25, -2]},
			"faces": {
				"north": {"uv": [0, 0, 0, 0.375], "texture": "#0"},
				"east": {"uv": [7, 7.5, 7.125, 7.875], "texture": "#0"},
				"south": {"uv": [0, 0, 0, 0.375], "texture": "#0"},
				"west": {"uv": [7.5, 6, 7.625, 6.375], "texture": "#0"},
				"up": {"uv": [0, 0, 0, 0.125], "texture": "#0"},
				"down": {"uv": [0, 0.125, 0, 0], "texture": "#0"}
			}
		},
		{
			"name": "GearCaseOuter",
			"from": [0.99, -10, 15],
			"to": [0.99, -7, 16],
			"rotation": {"angle": 0, "axis": "y", "origin": [-5, 25, -2]},
			"faces": {
				"north": {"uv": [0, 0, 0, 0.375], "texture": "#0"},
				"east": {"uv": [7.25, 7.5, 7.375, 7.875], "texture": "#0"},
				"south": {"uv": [0, 0, 0, 0.375], "texture": "#0"},
				"west": {"uv": [7.125, 7.5, 7.25, 7.875], "texture": "#0"},
				"up": {"uv": [0, 0, 0, 0.125], "texture": "#0"},
				"down": {"uv": [0, 0.125, 0, 0], "texture": "#0"}
			}
		},
		{
			"name": "GearCaseOuter",
			"from": [0.99, -11, 14],
			"to": [0.99, -8, 15],
			"rotation": {"angle": 0, "axis": "y", "origin": [-5, 25, -2]},
			"faces": {
				"north": {"uv": [0, 0, 0, 0.375], "texture": "#0"},
				"east": {"uv": [7.5, 7.5, 7.625, 7.875], "texture": "#0"},
				"south": {"uv": [0, 0, 0, 0.375], "texture": "#0"},
				"west": {"uv": [7.375, 7.5, 7.5, 7.875], "texture": "#0"},
				"up": {"uv": [0, 0, 0, 0.125], "texture": "#0"},
				"down": {"uv": [0, 0.125, 0, 0], "texture": "#0"}
			}
		},
		{
			"name": "GearCaseOuter",
			"from": [0.99, -12, 13],
			"to": [0.99, -9, 14],
			"rotation": {"angle": 0, "axis": "y", "origin": [-5, 25, -2]},
			"faces": {
				"north": {"uv": [0, 0, 0, 0.375], "texture": "#0"},
				"east": {"uv": [2.125, 7.625, 2.25, 8], "texture": "#0"},
				"south": {"uv": [0, 0, 0, 0.375], "texture": "#0"},
				"west": {"uv": [2, 7.625, 2.125, 8], "texture": "#0"},
				"up": {"uv": [0, 0, 0, 0.125], "texture": "#0"},
				"down": {"uv": [0, 0.125, 0, 0], "texture": "#0"}
			}
		},
		{
			"name": "GearCaseOuter",
			"from": [0.99, 4, 16],
			"to": [0.99, 7, 17],
			"rotation": {"angle": 0, "axis": "y", "origin": [-5, -9, -2]},
			"faces": {
				"north": {"uv": [0, 0, 0, 0.375], "texture": "#0"},
				"east": {"uv": [7.625, 6, 7.75, 6.375], "texture": "#0"},
				"south": {"uv": [0, 0, 0, 0.375], "texture": "#0"},
				"west": {"uv": [2.25, 7.625, 2.375, 8], "texture": "#0"},
				"up": {"uv": [0, 0, 0, 0.125], "texture": "#0"},
				"down": {"uv": [0, 0.125, 0, 0], "texture": "#0"}
			}
		},
		{
			"name": "GearCaseOuter",
			"from": [0.99, 5, 15],
			"to": [0.99, 8, 16],
			"rotation": {"angle": 0, "axis": "y", "origin": [-5, -9, -2]},
			"faces": {
				"north": {"uv": [0, 0, 0, 0.375], "texture": "#0"},
				"east": {"uv": [7.625, 6.75, 7.75, 7.125], "texture": "#0"},
				"south": {"uv": [0, 0, 0, 0.375], "texture": "#0"},
				"west": {"uv": [7.625, 6.375, 7.75, 6.75], "texture": "#0"},
				"up": {"uv": [0, 0, 0, 0.125], "texture": "#0"},
				"down": {"uv": [0, 0.125, 0, 0], "texture": "#0"}
			}
		},
		{
			"name": "GearCaseOuter",
			"from": [0.99, 6, 14],
			"to": [0.99, 9, 15],
			"rotation": {"angle": 0, "axis": "y", "origin": [-5, -9, -2]},
			"faces": {
				"north": {"uv": [0, 0, 0, 0.375], "texture": "#0"},
				"east": {"uv": [7.625, 7.5, 7.75, 7.875], "texture": "#0"},
				"south": {"uv": [0, 0, 0, 0.375], "texture": "#0"},
				"west": {"uv": [7.625, 7.125, 7.75, 7.5], "texture": "#0"},
				"up": {"uv": [0, 0, 0, 0.125], "texture": "#0"},
				"down": {"uv": [0, 0.125, 0, 0], "texture": "#0"}
			}
		},
		{
			"name": "GearCaseOuter",
			"from": [0.99, 7, 13],
			"to": [0.99, 10, 14],
			"rotation": {"angle": 0, "axis": "y", "origin": [-5, -9, -2]},
			"faces": {
				"north": {"uv": [0, 0, 0, 0.375], "texture": "#0"},
				"east": {"uv": [7.75, 0, 7.875, 0.375], "texture": "#0"},
				"south": {"uv": [0, 0, 0, 0.375], "texture": "#0"},
				"west": {"uv": [0, 7.75, 0.125, 8.125], "texture": "#0"},
				"up": {"uv": [0, 0, 0, 0.125], "texture": "#0"},
				"down": {"uv": [0, 0.125, 0, 0], "texture": "#0"}
			}
		},
		{
			"name": "GearCaseOuter",
			"from": [0.99, -9, -1],
			"to": [0.99, -6, 0],
			"rotation": {"angle": 0, "axis": "y", "origin": [-5, 25, 18]},
			"faces": {
				"north": {"uv": [0, 0, 0, 0.375], "texture": "#0"},
				"east": {"uv": [0.25, 7.75, 0.375, 8.125], "texture": "#0"},
				"south": {"uv": [0, 0, 0, 0.375], "texture": "#0"},
				"west": {"uv": [0.125, 7.75, 0.25, 8.125], "texture": "#0"},
				"up": {"uv": [0, 0, 0, 0.125], "texture": "#0"},
				"down": {"uv": [0, 0.125, 0, 0], "texture": "#0"}
			}
		},
		{
			"name": "GearCaseOuter",
			"from": [0.99, -10, 0],
			"to": [0.99, -7, 1],
			"rotation": {"angle": 0, "axis": "y", "origin": [-5, 25, 18]},
			"faces": {
				"north": {"uv": [0, 0, 0, 0.375], "texture": "#0"},
				"east": {"uv": [7.75, 0.375, 7.875, 0.75], "texture": "#0"},
				"south": {"uv": [0, 0, 0, 0.375], "texture": "#0"},
				"west": {"uv": [0.375, 7.75, 0.5, 8.125], "texture": "#0"},
				"up": {"uv": [0, 0, 0, 0.125], "texture": "#0"},
				"down": {"uv": [0, 0.125, 0, 0], "texture": "#0"}
			}
		},
		{
			"name": "GearCaseOuter",
			"from": [0.99, -11, 1],
			"to": [0.99, -8, 2],
			"rotation": {"angle": 0, "axis": "y", "origin": [-5, 25, 18]},
			"faces": {
				"north": {"uv": [0, 0, 0, 0.375], "texture": "#0"},
				"east": {"uv": [0.625, 7.75, 0.75, 8.125], "texture": "#0"},
				"south": {"uv": [0, 0, 0, 0.375], "texture": "#0"},
				"west": {"uv": [0.5, 7.75, 0.625, 8.125], "texture": "#0"},
				"up": {"uv": [0, 0, 0, 0.125], "texture": "#0"},
				"down": {"uv": [0, 0.125, 0, 0], "texture": "#0"}
			}
		},
		{
			"name": "GearCaseOuter",
			"from": [0.99, -12, 2],
			"to": [0.99, -9, 3],
			"rotation": {"angle": 0, "axis": "y", "origin": [-5, 25, 18]},
			"faces": {
				"north": {"uv": [0, 0, 0, 0.375], "texture": "#0"},
				"east": {"uv": [0.875, 7.75, 1, 8.125], "texture": "#0"},
				"south": {"uv": [0, 0, 0, 0.375], "texture": "#0"},
				"west": {"uv": [0.75, 7.75, 0.875, 8.125], "texture": "#0"},
				"up": {"uv": [0, 0, 0, 0.125], "texture": "#0"},
				"down": {"uv": [0, 0.125, 0, 0], "texture": "#0"}
			}
		},
		{
			"name": "GearCaseOuter",
			"from": [0.99, 8, 3],
			"to": [0.99, 10, 13],
			"rotation": {"angle": 0, "axis": "y", "origin": [-5, -9, 18]},
			"faces": {
				"north": {"uv": [0, 0, 0, 0.25], "texture": "#0"},
				"east": {"uv": [6.875, 5.25, 8.125, 5.5], "texture": "#0"},
				"south": {"uv": [0, 0, 0, 0.25], "texture": "#0"},
				"west": {"uv": [6.75, 2.25, 8, 2.5], "texture": "#0"},
				"up": {"uv": [0, 0, 0, 1.25], "texture": "#0"},
				"down": {"uv": [0, 1.25, 0, 0], "texture": "#0"}
			}
		},
		{
			"name": "GearCaseOuter",
			"from": [0.99, -12, 3],
			"to": [0.99, -10, 13],
			"rotation": {"angle": 0, "axis": "y", "origin": [-5, -9, 18]},
			"faces": {
				"north": {"uv": [0, 0, 0, 0.25], "texture": "#0"},
				"east": {"uv": [6.875, 5.75, 8.125, 6], "texture": "#0"},
				"south": {"uv": [0, 0, 0, 0.25], "texture": "#0"},
				"west": {"uv": [6.875, 5.5, 8.125, 5.75], "texture": "#0"},
				"up": {"uv": [0, 0, 0, 1.25], "texture": "#0"},
				"down": {"uv": [0, 1.25, 0, 0], "texture": "#0"}
			}
		},
		{
			"name": "GearCaseOuter",
			"from": [1.02, 4, -4],
			"to": [6, 13.9, -1],
			"rotation": {"angle": 45, "axis": "x", "origin": [4, 4, -4]},
			"faces": {
				"north": {"uv": [5.5, 3.75, 6.125, 5], "texture": "#0"},
				"east": {"uv": [6.375, 1.25, 6.75, 2.5], "texture": "#0"},
				"south": {"uv": [1.25, 5.5, 1.875, 6.75], "texture": "#0"},
				"west": {"uv": [5.75, 6.25, 6.125, 7.5], "texture": "#0"},
				"up": {"uv": [7.125, 0.375, 7.75, 0.75], "texture": "#0"},
				"down": {"uv": [7.125, 2.875, 7.75, 2.5], "texture": "#0"}
			}
		},
		{
			"name": "GearCaseOuter",
			"from": [1.02, 4, 17],
			"to": [6, 13.9, 20],
			"rotation": {"angle": -45, "axis": "x", "origin": [4, 4, 20]},
			"faces": {
				"north": {"uv": [5.625, 0, 6.25, 1.25], "texture": "#0"},
				"east": {"uv": [0.375, 6.5, 0.75, 7.75], "texture": "#0"},
				"south": {"uv": [5.5, 5, 6.125, 6.25], "texture": "#0"},
				"west": {"uv": [0, 6.5, 0.375, 7.75], "texture": "#0"},
				"up": {"uv": [7.125, 2.875, 7.75, 3.25], "texture": "#0"},
				"down": {"uv": [7.125, 3.625, 7.75, 3.25], "texture": "#0"}
			}
		},
		{
			"name": "GearCaseOuter",
			"from": [1.02, -15.9, 17],
			"to": [6, -6, 20],
			"rotation": {"angle": 45, "axis": "x", "origin": [4, -6, 20]},
			"faces": {
				"north": {"uv": [3, 5.75, 3.625, 7], "texture": "#0"},
				"east": {"uv": [6.5, 4, 6.875, 5.25], "texture": "#0"},
				"south": {"uv": [2.375, 5.75, 3, 7], "texture": "#0"},
				"west": {"uv": [0.75, 6.5, 1.125, 7.75], "texture": "#0"},
				"up": {"uv": [7, 7.125, 7.625, 7.5], "texture": "#0"},
				"down": {"uv": [7.25, 1.125, 7.875, 0.75], "texture": "#0"}
			}
		},
		{
			"name": "GearCaseOuter",
			"from": [1.02, -15.9, -4],
			"to": [6, -6, -1],
			"rotation": {"angle": -45, "axis": "x", "origin": [4, -6, -4]},
			"faces": {
				"north": {"uv": [4.25, 5.75, 4.875, 7], "texture": "#0"},
				"east": {"uv": [6.125, 6.5, 6.5, 7.75], "texture": "#0"},
				"south": {"uv": [3.625, 5.75, 4.25, 7], "texture": "#0"},
				"west": {"uv": [6.5, 5.25, 6.875, 6.5], "texture": "#0"},
				"up": {"uv": [7.25, 1.125, 7.875, 1.5], "texture": "#0"},
				"down": {"uv": [7.25, 1.875, 7.875, 1.5], "texture": "#0"}
			}
		}
	],
	"display": {
		"thirdperson_righthand": {
			"rotation": [75, 45, 0],
			"translation": [0, 2.5, 0],
			"scale": [0.375, 0.375, 0.375]
		},
		"thirdperson_lefthand": {
			"rotation": [75, 45, 0],
			"translation": [0, 2.5, 0],
			"scale": [0.375, 0.375, 0.375]
		},
		"firstperson_righthand": {
			"rotation": [0, 45, 0],
			"scale": [0.4, 0.4, 0.4]
		},
		"firstperson_lefthand": {
			"rotation": [0, 225, 0],
			"scale": [0.4, 0.4, 0.4]
		},
		"ground": {
			"translation": [0, 3, 0],
			"scale": [0.25, 0.25, 0.25]
		},
		"gui": {
			"rotation": [30, 225, 0],
			"translation": [0, 1.5, 0],
			"scale": [0.5, 0.5, 0.5]
		},
		"fixed": {
			"rotation": [0, 90, 0],
			"translation": [0, 2.25, 0],
			"scale": [0.45, 0.45, 0.45]
		}
	},
	"groups": [
		{
			"name": "cogwheel_shaftless",
			"origin": [8, 8, 8],
			"color": 0,
			"children": [
				0,
				1,
				2,
				3,
				4,
				5,
				{
					"name": "the_thing",
					"origin": [8, 8, 8],
					"color": 0,
					"children": []
				},
				6,
				7,
				8,
				9,
				10,
				11,
				12,
				13,
				14,
				15,
				16,
				17,
				18,
				19,
				20,
				21,
				22,
				23,
				24,
				25,
				26,
				27,
				{
					"name": "that_thing",
					"origin": [21, -9, -2],
					"color": 0,
					"children": [28, 29, 30, 31, 32, 33, 34, 35, 36, 37, 38, 39, 40, 41, 42, 43, 44, 45, 46, 47, 48, 49]
				},
				50,
				51,
				52,
				53
			]
		},
		{
			"name": "cogwheel_shaftless",
			"origin": [8, 8, 8],
			"color": 0,
			"children": [
				54,
				55,
				56,
				57,
				58,
				59,
				{
					"name": "the_thing",
					"origin": [8, 8, 8],
					"color": 0,
					"children": []
				},
				60,
				61,
				62,
				63,
				64,
				65,
				66,
				67,
				68,
				69,
				70,
				71,
				72,
				73,
				74,
				75,
				76,
				77,
				78,
				79,
				80,
				81,
				{
					"name": "that_thing",
					"origin": [21, -9, -2],
					"color": 0,
					"children": [82, 83, 84, 85, 86, 87, 88, 89, 90, 91, 92, 93, 94, 95, 96, 97, 98, 99, 100, 101, 102, 103]
				},
				104,
				105,
				106,
				107
			]
		}
	]
}