{
	"credit": "Made with Blockbench",
	"parent": "create:block/large_wheels",
	"texture_size": [128, 128],
	"textures": {
		"0": "trackwork:block/medium_wheel",
		"2": "trackwork:block/axis",
		"particle": "trackwork:block/medium_wheel"
	},
	"elements": [
		{
			"from": [3.5, -10, 3],
			"to": [7.5, 8, 13],
			"rotation": {"angle": 0, "axis": "y", "origin": [0.5, 0, 0]},
			"faces": {
				"north": {"uv": [0, 2.25, 0.5, 4.5], "texture": "#0"},
				"east": {"uv": [0, 0, 1.25, 2.25], "texture": "#0"},
				"south": {"uv": [0.5, 2.25, 1, 4.5], "texture": "#0"},
				"west": {"uv": [1.25, 0, 2.5, 2.25], "texture": "#0"},
				"up": {"uv": [5, 4.625, 4.5, 3.375], "texture": "#0"},
				"down": {"uv": [4.125, 4.625, 3.625, 5.875], "texture": "#0"}
			}
		},
		{
			"from": [2, -4, 6],
			"to": [5, 2, 10],
			"rotation": {"angle": 0, "axis": "y", "origin": [1, 0, 0]},
			"faces": {
				"north": {"uv": [2.75, 6.125, 3.125, 6.875], "texture": "#0"},
				"east": {"uv": [4.5, 5.875, 5, 6.625], "texture": "#0"},
				"south": {"uv": [1.25, 6.75, 1.625, 7.5], "texture": "#0"},
				"west": {"uv": [5.875, 5, 6.375, 5.75], "texture": "#0"},
				"up": {"uv": [7.5, 3.5, 7.125, 3], "texture": "#0"},
				"down": {"uv": [7.5, 3.5, 7.125, 4], "texture": "#0"}
			}
		},
		{
			"from": [1.5, -3, 5],
			"to": [4.5, 1, 6],
			"rotation": {"angle": 0, "axis": "y", "origin": [0.5, 0, -4]},
			"faces": {
				"north": {"uv": [7.125, 4, 7.5, 4.5], "texture": "#0"},
				"east": {"uv": [5.375, 2.375, 5.5, 2.875], "texture": "#0"},
				"south": {"uv": [7.125, 6.25, 7.5, 6.75], "texture": "#0"},
				"west": {"uv": [5.375, 2.875, 5.5, 3.375], "texture": "#0"},
				"up": {"uv": [2.75, 4.875, 2.375, 4.75], "texture": "#0"},
				"down": {"uv": [5.875, 4.5, 5.5, 4.625], "texture": "#0"}
			}
		},
		{
			"from": [2, -3, 10],
			"to": [5, 1, 11],
			"rotation": {"angle": 0, "axis": "y", "origin": [1, 0, 1]},
			"faces": {
				"north": {"uv": [6.625, 7.125, 7, 7.625], "texture": "#0"},
				"east": {"uv": [3, 7.625, 3.125, 8.125], "texture": "#0"},
				"south": {"uv": [7, 7.125, 7.375, 7.625], "texture": "#0"},
				"west": {"uv": [5.5, 7.625, 5.625, 8.125], "texture": "#0"},
				"up": {"uv": [6.25, 4.625, 5.875, 4.5], "texture": "#0"},
				"down": {"uv": [6.75, 5.625, 6.375, 5.75], "texture": "#0"}
			}
		},
		{
			"from": [2.5, -9, 6.5],
			"to": [4.5, -3, 9.5],
			"rotation": {"angle": 0, "axis": "z", "origin": [2.5, -1, 8]},
			"faces": {
				"north": {"uv": [7.25, 0, 7.5, 0.75], "texture": "#0"},
				"east": {"uv": [5.75, 6.75, 6.125, 7.5], "texture": "#0"},
				"south": {"uv": [4.5, 7.25, 4.75, 8], "texture": "#0"},
				"west": {"uv": [6.125, 6.75, 6.5, 7.5], "texture": "#0"},
				"up": {"uv": [7.5, 1.125, 7.25, 0.75], "texture": "#0"},
				"down": {"uv": [7.75, 6.125, 7.5, 6.5], "texture": "#0"}
			}
		},
		{
			"from": [2.5, -2.5, 10],
			"to": [4.5, 0.5, 16],
			"rotation": {"angle": 0, "axis": "x", "origin": [2.5, -1, 8]},
			"faces": {
				"north": {"uv": [6.25, 7.5, 6.5, 7.875], "texture": "#0"},
				"east": {"uv": [6.75, 5.875, 7.5, 6.25], "texture": "#0"},
				"south": {"uv": [7.375, 7.5, 7.625, 7.875], "texture": "#0"},
				"west": {"uv": [6.5, 6.75, 7.25, 7.125], "texture": "#0"},
				"up": {"uv": [7.5, 5.25, 7.25, 4.5], "texture": "#0"},
				"down": {"uv": [5, 7.25, 4.75, 8], "texture": "#0"}
			}
		},
		{
			"from": [2.5, 1, 6.5],
			"to": [4.5, 7, 9.5],
			"rotation": {"angle": 0, "axis": "x", "origin": [2.5, -1, 8]},
			"faces": {
				"north": {"uv": [5, 7.25, 5.25, 8], "texture": "#0"},
				"east": {"uv": [1.625, 6.875, 2, 7.625], "texture": "#0"},
				"south": {"uv": [0, 7.375, 0.25, 8.125], "texture": "#0"},
				"west": {"uv": [2, 6.875, 2.375, 7.625], "texture": "#0"},
				"up": {"uv": [7.875, 0.375, 7.625, 0], "texture": "#0"},
				"down": {"uv": [7.875, 0.375, 7.625, 0.75], "texture": "#0"}
			}
		},
		{
			"from": [2.5, -2.5, 0],
			"to": [4.5, 0.5, 6],
			"rotation": {"angle": 0, "axis": "x", "origin": [2.5, -1, 8]},
			"faces": {
				"north": {"uv": [7.625, 0.75, 7.875, 1.125], "texture": "#0"},
				"east": {"uv": [4.5, 6.875, 5.25, 7.25], "texture": "#0"},
				"south": {"uv": [7.625, 1.125, 7.875, 1.5], "texture": "#0"},
				"west": {"uv": [0, 7, 0.75, 7.375], "texture": "#0"},
				"up": {"uv": [0.5, 8.125, 0.25, 7.375], "texture": "#0"},
				"down": {"uv": [0.75, 7.375, 0.5, 8.125], "texture": "#0"}
			}
		},
		{
			"from": [2.6, -2.5, -1],
			"to": [4.6, 0.5, 6],
			"rotation": {"angle": 45, "axis": "x", "origin": [2.5, -1, 8]},
			"faces": {
				"north": {"uv": [1.625, 7.625, 1.875, 8], "texture": "#0"},
				"east": {"uv": [5.875, 5.75, 6.75, 6.125], "texture": "#0"},
				"south": {"uv": [1.875, 7.625, 2.125, 8], "texture": "#0"},
				"west": {"uv": [0.75, 6, 1.625, 6.375], "texture": "#0"},
				"up": {"uv": [2.75, 2.125, 2.5, 1.25], "texture": "#0"},
				"down": {"uv": [3.625, 4.875, 3.375, 5.75], "texture": "#0"}
			}
		},
		{
			"from": [2.6, 1, 6.5],
			"to": [4.6, 8, 9.5],
			"rotation": {"angle": 45, "axis": "x", "origin": [2.5, -1, 8]},
			"faces": {
				"north": {"uv": [3.125, 6.125, 3.375, 7], "texture": "#0"},
				"east": {"uv": [5.5, 3.625, 5.875, 4.5], "texture": "#0"},
				"south": {"uv": [2.375, 7, 2.625, 7.875], "texture": "#0"},
				"west": {"uv": [1.625, 6, 2, 6.875], "texture": "#0"},
				"up": {"uv": [7.875, 2.375, 7.625, 2], "texture": "#0"},
				"down": {"uv": [2.375, 7.625, 2.125, 8], "texture": "#0"}
			}
		},
		{
			"from": [2.6, -2.5, 10],
			"to": [4.6, 0.5, 17],
			"rotation": {"angle": 45, "axis": "x", "origin": [2.5, -1, 8]},
			"faces": {
				"north": {"uv": [7.625, 2.375, 7.875, 2.75], "texture": "#0"},
				"east": {"uv": [6.125, 1.125, 7, 1.5], "texture": "#0"},
				"south": {"uv": [2.75, 7.625, 3, 8], "texture": "#0"},
				"west": {"uv": [6.125, 1.5, 7, 1.875], "texture": "#0"},
				"up": {"uv": [3.875, 7.875, 3.625, 7], "texture": "#0"},
				"down": {"uv": [4.125, 7, 3.875, 7.875], "texture": "#0"}
			}
		},
		{
			"from": [2.6, -10, 6.5],
			"to": [4.6, -3, 9.5],
			"rotation": {"angle": 45, "axis": "x", "origin": [2.5, -1, 8]},
			"faces": {
				"north": {"uv": [4.125, 7, 4.375, 7.875], "texture": "#0"},
				"east": {"uv": [2, 6, 2.375, 6.875], "texture": "#0"},
				"south": {"uv": [7.125, 2.125, 7.375, 3], "texture": "#0"},
				"west": {"uv": [2.375, 6.125, 2.75, 7], "texture": "#0"},
				"up": {"uv": [5.5, 8, 5.25, 7.625], "texture": "#0"},
				"down": {"uv": [7.875, 6.5, 7.625, 6.875], "texture": "#0"}
			}
		},
		{
			"from": [0.5, 7, 3],
			"to": [7.5, 10, 13],
			"rotation": {"angle": 0, "axis": "y", "origin": [0.5, 0, 0]},
			"faces": {
				"north": {"uv": [6.125, 1.875, 7, 2.25], "texture": "#0"},
				"east": {"uv": [5.125, 0, 6.375, 0.375], "texture": "#0"},
				"south": {"uv": [5.875, 6.125, 6.75, 6.5], "texture": "#0"},
				"west": {"uv": [5.125, 0.375, 6.375, 0.75], "texture": "#0"},
				"up": {"uv": [1.875, 3.5, 1, 2.25], "texture": "#0"},
				"down": {"uv": [2.75, 2.25, 1.875, 3.5], "texture": "#0"}
			}
		},
		{
			"from": [0.5, -12, 3],
			"to": [7.5, -9, 13],
			"rotation": {"angle": 0, "axis": "y", "origin": [0.5, 0, 0]},
			"faces": {
				"north": {"uv": [6.25, 2.25, 7.125, 2.625], "texture": "#0"},
				"east": {"uv": [5.125, 0.75, 6.375, 1.125], "texture": "#0"},
				"south": {"uv": [6.25, 2.625, 7.125, 3], "texture": "#0"},
				"west": {"uv": [5.125, 4.625, 6.375, 5], "texture": "#0"},
				"up": {"uv": [3.375, 1.25, 2.5, 0], "texture": "#0"},
				"down": {"uv": [3.625, 1.25, 2.75, 2.5], "texture": "#0"}
			}
		},
		{
			"from": [0.5, -6, -3],
			"to": [7.5, 4, 0],
			"rotation": {"angle": 0, "axis": "y", "origin": [0.5, 0, 0]},
			"faces": {
				"north": {"uv": [2.75, 2.5, 3.625, 3.75], "texture": "#0"},
				"east": {"uv": [5.125, 5, 5.5, 6.25], "texture": "#0"},
				"south": {"uv": [3.375, 0, 4.25, 1.25], "texture": "#0"},
				"west": {"uv": [5.375, 1.125, 5.75, 2.375], "texture": "#0"},
				"up": {"uv": [7.125, 3.375, 6.25, 3], "texture": "#0"},
				"down": {"uv": [7.125, 3.375, 6.25, 3.75], "texture": "#0"}
			}
		},
		{
			"from": [0.49, -7, -2],
			"to": [0.49, 5, -1],
			"rotation": {"angle": 0, "axis": "y", "origin": [0.5, 0, 0]},
			"faces": {
				"north": {"uv": [0, 0, 0, 1.5], "texture": "#0"},
				"east": {"uv": [7.5, 0, 7.625, 1.5], "texture": "#0"},
				"south": {"uv": [0, 0, 0, 1.5], "texture": "#0"},
				"west": {"uv": [0.75, 7.5, 0.875, 9], "texture": "#0"},
				"up": {"uv": [0, 0.125, 0, 0], "texture": "#0"},
				"down": {"uv": [0, 0, 0, 0.125], "texture": "#0"}
			}
		},
		{
			"from": [0.49, 4, 0],
			"to": [0.49, 7, 1],
			"rotation": {"angle": 0, "axis": "y", "origin": [0.5, 1, 2]},
			"faces": {
				"north": {"uv": [0, 0, 0, 0.375], "texture": "#0"},
				"east": {"uv": [0.75, 5.625, 0.875, 6], "texture": "#0"},
				"south": {"uv": [0, 0, 0, 0.375], "texture": "#0"},
				"west": {"uv": [5, 5.875, 5.125, 6.25], "texture": "#0"},
				"up": {"uv": [0, 0.125, 0, 0], "texture": "#0"},
				"down": {"uv": [0, 0, 0, 0.125], "texture": "#0"}
			}
		},
		{
			"from": [0.49, 5, 1],
			"to": [0.49, 8, 2],
			"rotation": {"angle": 0, "axis": "y", "origin": [0.5, 2, 3]},
			"faces": {
				"north": {"uv": [0, 0, 0, 0.375], "texture": "#0"},
				"east": {"uv": [7.25, 6.75, 7.375, 7.125], "texture": "#0"},
				"south": {"uv": [0, 0, 0, 0.375], "texture": "#0"},
				"west": {"uv": [3.125, 7.75, 3.25, 8.125], "texture": "#0"},
				"up": {"uv": [0, 0.125, 0, 0], "texture": "#0"},
				"down": {"uv": [0, 0, 0, 0.125], "texture": "#0"}
			}
		},
		{
			"from": [0.49, 6, 2],
			"to": [0.49, 9, 3],
			"rotation": {"angle": 0, "axis": "y", "origin": [0.5, 3, 4]},
			"faces": {
				"north": {"uv": [0, 0, 0, 0.375], "texture": "#0"},
				"east": {"uv": [3.25, 7.75, 3.375, 8.125], "texture": "#0"},
				"south": {"uv": [0, 0, 0, 0.375], "texture": "#0"},
				"west": {"uv": [3.375, 7.75, 3.5, 8.125], "texture": "#0"},
				"up": {"uv": [0, 0.125, 0, 0], "texture": "#0"},
				"down": {"uv": [0, 0, 0, 0.125], "texture": "#0"}
			}
		},
		{
			"from": [0.49, -9, 0],
			"to": [0.49, -6, 1],
			"rotation": {"angle": 0, "axis": "y", "origin": [0.5, -3, 2]},
			"faces": {
				"north": {"uv": [0, 0, 0, 0.375], "texture": "#0"},
				"east": {"uv": [3.5, 7.75, 3.625, 8.125], "texture": "#0"},
				"south": {"uv": [0, 0, 0, 0.375], "texture": "#0"},
				"west": {"uv": [7.75, 5.125, 7.875, 5.5], "texture": "#0"},
				"up": {"uv": [0, 0.125, 0, 0], "texture": "#0"},
				"down": {"uv": [0, 0, 0, 0.125], "texture": "#0"}
			}
		},
		{
			"from": [0.49, -10, 1],
			"to": [0.49, -7, 2],
			"rotation": {"angle": 0, "axis": "y", "origin": [0.5, -4, 3]},
			"faces": {
				"north": {"uv": [0, 0, 0, 0.375], "texture": "#0"},
				"east": {"uv": [5.75, 7.75, 5.875, 8.125], "texture": "#0"},
				"south": {"uv": [0, 0, 0, 0.375], "texture": "#0"},
				"west": {"uv": [5.875, 7.75, 6, 8.125], "texture": "#0"},
				"up": {"uv": [0, 0.125, 0, 0], "texture": "#0"},
				"down": {"uv": [0, 0, 0, 0.125], "texture": "#0"}
			}
		},
		{
			"from": [0.49, -11, 2],
			"to": [0.49, -8, 3],
			"rotation": {"angle": 0, "axis": "y", "origin": [0.5, -5, 4]},
			"faces": {
				"north": {"uv": [0, 0, 0, 0.375], "texture": "#0"},
				"east": {"uv": [6, 7.75, 6.125, 8.125], "texture": "#0"},
				"south": {"uv": [0, 0, 0, 0.375], "texture": "#0"},
				"west": {"uv": [6.125, 7.75, 6.25, 8.125], "texture": "#0"},
				"up": {"uv": [0, 0.125, 0, 0], "texture": "#0"},
				"down": {"uv": [0, 0, 0, 0.125], "texture": "#0"}
			}
		},
		{
			"from": [0.49, 7, 3],
			"to": [0.49, 9, 13],
			"rotation": {"angle": 0, "axis": "y", "origin": [0.5, 3, 5]},
			"faces": {
				"north": {"uv": [0, 0, 0, 0.25], "texture": "#0"},
				"east": {"uv": [5.875, 6.5, 7.125, 6.75], "texture": "#0"},
				"south": {"uv": [0, 0, 0, 0.25], "texture": "#0"},
				"west": {"uv": [4.5, 6.625, 5.75, 6.875], "texture": "#0"},
				"up": {"uv": [0, 1.25, 0, 0], "texture": "#0"},
				"down": {"uv": [0, 0, 0, 1.25], "texture": "#0"}
			}
		},
		{
			"from": [0.49, -11, 3],
			"to": [0.49, -9, 13],
			"rotation": {"angle": 0, "axis": "y", "origin": [0.5, -15, 5]},
			"faces": {
				"north": {"uv": [0, 0, 0, 0.25], "texture": "#0"},
				"east": {"uv": [0, 6.75, 1.25, 7], "texture": "#0"},
				"south": {"uv": [0, 0, 0, 0.25], "texture": "#0"},
				"west": {"uv": [6.75, 5.625, 8, 5.875], "texture": "#0"},
				"up": {"uv": [0, 1.25, 0, 0], "texture": "#0"},
				"down": {"uv": [0, 0, 0, 1.25], "texture": "#0"}
			}
		},
		{
			"from": [0.49, -8, -1],
			"to": [0.49, 6, 0],
			"rotation": {"angle": 0, "axis": "y", "origin": [0.5, 0, 1]},
			"faces": {
				"north": {"uv": [0, 0, 0, 1.75], "texture": "#0"},
				"east": {"uv": [5.625, 6.875, 5.75, 8.625], "texture": "#0"},
				"south": {"uv": [0, 0, 0, 1.75], "texture": "#0"},
				"west": {"uv": [2.625, 7, 2.75, 8.75], "texture": "#0"},
				"up": {"uv": [0, 0.125, 0, 0], "texture": "#0"},
				"down": {"uv": [0, 0, 0, 0.125], "texture": "#0"}
			}
		},
		{
			"from": [0.49, -7, 17],
			"to": [0.49, 5, 18],
			"rotation": {"angle": 0, "axis": "y", "origin": [0.5, 0, 16]},
			"faces": {
				"north": {"uv": [0, 0, 0, 1.5], "texture": "#0"},
				"east": {"uv": [0.875, 7.5, 1, 9], "texture": "#0"},
				"south": {"uv": [0, 0, 0, 1.5], "texture": "#0"},
				"west": {"uv": [1, 7.5, 1.125, 9], "texture": "#0"},
				"up": {"uv": [0, 0.125, 0, 0], "texture": "#0"},
				"down": {"uv": [0, 0, 0, 0.125], "texture": "#0"}
			}
		},
		{
			"from": [0.49, -8, 16],
			"to": [0.49, 6, 17],
			"rotation": {"angle": 0, "axis": "y", "origin": [0.5, 0, 15]},
			"faces": {
				"north": {"uv": [0, 0, 0, 1.75], "texture": "#0"},
				"east": {"uv": [4.375, 7, 4.5, 8.75], "texture": "#0"},
				"south": {"uv": [0, 0, 0, 1.75], "texture": "#0"},
				"west": {"uv": [6.5, 7.125, 6.625, 8.875], "texture": "#0"},
				"up": {"uv": [0, 0.125, 0, 0], "texture": "#0"},
				"down": {"uv": [0, 0, 0, 0.125], "texture": "#0"}
			}
		},
		{
			"from": [0.49, -9, 15],
			"to": [0.49, -6, 16],
			"rotation": {"angle": 0, "axis": "y", "origin": [0.5, -3, 14]},
			"faces": {
				"north": {"uv": [0, 0, 0, 0.375], "texture": "#0"},
				"east": {"uv": [7.75, 6.125, 7.875, 6.5], "texture": "#0"},
				"south": {"uv": [0, 0, 0, 0.375], "texture": "#0"},
				"west": {"uv": [7.875, 0, 8, 0.375], "texture": "#0"},
				"up": {"uv": [0, 0.125, 0, 0], "texture": "#0"},
				"down": {"uv": [0, 0, 0, 0.125], "texture": "#0"}
			}
		},
		{
			"from": [0.49, -10, 14],
			"to": [0.49, -7, 15],
			"rotation": {"angle": 0, "axis": "y", "origin": [0.5, -4, 13]},
			"faces": {
				"north": {"uv": [0, 0, 0, 0.375], "texture": "#0"},
				"east": {"uv": [7.875, 0.375, 8, 0.75], "texture": "#0"},
				"south": {"uv": [0, 0, 0, 0.375], "texture": "#0"},
				"west": {"uv": [7.875, 0.75, 8, 1.125], "texture": "#0"},
				"up": {"uv": [0, 0.125, 0, 0], "texture": "#0"},
				"down": {"uv": [0, 0, 0, 0.125], "texture": "#0"}
			}
		},
		{
			"from": [0.49, -11, 13],
			"to": [0.49, -8, 14],
			"rotation": {"angle": 0, "axis": "y", "origin": [0.5, -5, 12]},
			"faces": {
				"north": {"uv": [0, 0, 0, 0.375], "texture": "#0"},
				"east": {"uv": [7.875, 1.125, 8, 1.5], "texture": "#0"},
				"south": {"uv": [0, 0, 0, 0.375], "texture": "#0"},
				"west": {"uv": [7.875, 2, 8, 2.375], "texture": "#0"},
				"up": {"uv": [0, 0.125, 0, 0], "texture": "#0"},
				"down": {"uv": [0, 0, 0, 0.125], "texture": "#0"}
			}
		},
		{
			"from": [0.49, 4, 15],
			"to": [0.49, 7, 16],
			"rotation": {"angle": 0, "axis": "y", "origin": [0.5, 1, 14]},
			"faces": {
				"north": {"uv": [0, 0, 0, 0.375], "texture": "#0"},
				"east": {"uv": [2.375, 7.875, 2.5, 8.25], "texture": "#0"},
				"south": {"uv": [0, 0, 0, 0.375], "texture": "#0"},
				"west": {"uv": [7.875, 2.375, 8, 2.75], "texture": "#0"},
				"up": {"uv": [0, 0.125, 0, 0], "texture": "#0"},
				"down": {"uv": [0, 0, 0, 0.125], "texture": "#0"}
			}
		},
		{
			"from": [0.49, 5, 14],
			"to": [0.49, 8, 15],
			"rotation": {"angle": 0, "axis": "y", "origin": [0.5, 2, 13]},
			"faces": {
				"north": {"uv": [0, 0, 0, 0.375], "texture": "#0"},
				"east": {"uv": [2.5, 7.875, 2.625, 8.25], "texture": "#0"},
				"south": {"uv": [0, 0, 0, 0.375], "texture": "#0"},
				"west": {"uv": [3.625, 7.875, 3.75, 8.25], "texture": "#0"},
				"up": {"uv": [0, 0.125, 0, 0], "texture": "#0"},
				"down": {"uv": [0, 0, 0, 0.125], "texture": "#0"}
			}
		},
		{
			"from": [0.49, 6, 13],
			"to": [0.49, 9, 14],
			"rotation": {"angle": 0, "axis": "y", "origin": [0.5, 3, 12]},
			"faces": {
				"north": {"uv": [0, 0, 0, 0.375], "texture": "#0"},
				"east": {"uv": [3.75, 7.875, 3.875, 8.25], "texture": "#0"},
				"south": {"uv": [0, 0, 0, 0.375], "texture": "#0"},
				"west": {"uv": [3.875, 7.875, 4, 8.25], "texture": "#0"},
				"up": {"uv": [0, 0.125, 0, 0], "texture": "#0"},
				"down": {"uv": [0, 0, 0, 0.125], "texture": "#0"}
			}
		},
		{
			"from": [0.52, 4, -3],
			"to": [7.48, 12.5, 0],
			"rotation": {"angle": 45, "axis": "x", "origin": [0.5, 4, -3]},
			"faces": {
				"north": {"uv": [3.625, 1.25, 4.5, 2.375], "texture": "#0"},
				"east": {"uv": [0, 5.625, 0.375, 6.75], "texture": "#0"},
				"south": {"uv": [3.625, 2.375, 4.5, 3.5], "texture": "#0"},
				"west": {"uv": [0.375, 5.625, 0.75, 6.75], "texture": "#0"},
				"up": {"uv": [7.125, 4.125, 6.25, 3.75], "texture": "#0"},
				"down": {"uv": [7.125, 4.125, 6.25, 4.5], "texture": "#0"}
			}
		},
		{
			"from": [0.52, 4, 16],
			"to": [7.48, 12.5, 19],
			"rotation": {"angle": -45, "axis": "x", "origin": [0.5, 4, 19]},
			"faces": {
				"north": {"uv": [3.625, 3.5, 4.5, 4.625], "texture": "#0"},
				"east": {"uv": [5.75, 1.125, 6.125, 2.25], "texture": "#0"},
				"south": {"uv": [2.75, 3.75, 3.625, 4.875], "texture": "#0"},
				"west": {"uv": [5.875, 2.25, 6.25, 3.375], "texture": "#0"},
				"up": {"uv": [5.875, 6.625, 5, 6.25], "texture": "#0"},
				"down": {"uv": [7.25, 0, 6.375, 0.375], "texture": "#0"}
			}
		},
		{
			"from": [0.52, -14.5, -3],
			"to": [7.48, -6, 0],
			"rotation": {"angle": -45, "axis": "x", "origin": [0.5, -6, -3]},
			"faces": {
				"north": {"uv": [4.25, 0, 5.125, 1.125], "texture": "#0"},
				"east": {"uv": [3.375, 5.875, 3.75, 7], "texture": "#0"},
				"south": {"uv": [0, 4.5, 0.875, 5.625], "texture": "#0"},
				"west": {"uv": [5.875, 3.375, 6.25, 4.5], "texture": "#0"},
				"up": {"uv": [7.25, 0.75, 6.375, 0.375], "texture": "#0"},
				"down": {"uv": [1.625, 6.375, 0.75, 6.75], "texture": "#0"}
			}
		},
		{
			"from": [0.52, -14.5, 16],
			"to": [7.48, -6, 19],
			"rotation": {"angle": 45, "axis": "x", "origin": [0.5, -6, 19]},
			"faces": {
				"north": {"uv": [4.5, 1.125, 5.375, 2.25], "texture": "#0"},
				"east": {"uv": [3.75, 5.875, 4.125, 7], "texture": "#0"},
				"south": {"uv": [4.5, 2.25, 5.375, 3.375], "texture": "#0"},
				"west": {"uv": [4.125, 5.875, 4.5, 7], "texture": "#0"},
				"up": {"uv": [7.25, 1.125, 6.375, 0.75], "texture": "#0"},
				"down": {"uv": [7.25, 4.5, 6.375, 4.875], "texture": "#0"}
			}
		},
		{
			"from": [0.5, -6, 16],
			"to": [7.5, 4, 19],
			"rotation": {"angle": 0, "axis": "y", "origin": [0.5, 0, 0]},
			"faces": {
				"north": {"uv": [1, 3.5, 1.875, 4.75], "texture": "#0"},
				"east": {"uv": [5.5, 2.375, 5.875, 3.625], "texture": "#0"},
				"south": {"uv": [1.875, 3.5, 2.75, 4.75], "texture": "#0"},
				"west": {"uv": [5.5, 5, 5.875, 6.25], "texture": "#0"},
				"up": {"uv": [7.25, 5.25, 6.375, 4.875], "texture": "#0"},
				"down": {"uv": [7.25, 5.25, 6.375, 5.625], "texture": "#0"}
			}
		},
		{
			"from": [3.5, -6, -1],
			"to": [7.5, 4, 3],
			"rotation": {"angle": 0, "axis": "y", "origin": [0.5, 0, 0]},
			"faces": {
				"north": {"uv": [4.125, 4.625, 4.625, 5.875], "texture": "#0"},
				"east": {"uv": [4.625, 4.625, 5.125, 5.875], "texture": "#0"},
				"south": {"uv": [0.875, 4.75, 1.375, 6], "texture": "#0"},
				"west": {"uv": [1.375, 4.75, 1.875, 6], "texture": "#0"},
				"up": {"uv": [1.25, 7.5, 0.75, 7], "texture": "#0"},
				"down": {"uv": [7.5, 1.125, 7, 1.625], "texture": "#0"}
			}
		},
		{
			"from": [3.5, -6, 13],
			"to": [7.5, 4, 17],
			"rotation": {"angle": 0, "axis": "y", "origin": [0.5, 0, 0]},
			"faces": {
				"north": {"uv": [1.875, 4.75, 2.375, 6], "texture": "#0"},
				"east": {"uv": [2.375, 4.875, 2.875, 6.125], "texture": "#0"},
				"south": {"uv": [2.875, 4.875, 3.375, 6.125], "texture": "#0"},
				"west": {"uv": [5, 3.375, 5.5, 4.625], "texture": "#0"},
				"up": {"uv": [7.5, 2.125, 7, 1.625], "texture": "#0"},
				"down": {"uv": [3.625, 7, 3.125, 7.5], "texture": "#0"}
			}
		},
		{
			"from": [3.5, 4, 13],
			"to": [7.5, 6, 15],
			"rotation": {"angle": 0, "axis": "y", "origin": [0.5, 10, 0]},
			"faces": {
				"north": {"uv": [7.25, 5.25, 7.75, 5.5], "texture": "#0"},
				"east": {"uv": [6.75, 6.25, 7, 6.5], "texture": "#0"},
				"south": {"uv": [1.125, 7.5, 1.625, 7.75], "texture": "#0"},
				"west": {"uv": [7.625, 6.875, 7.875, 7.125], "texture": "#0"},
				"up": {"uv": [8, 1.75, 7.5, 1.5], "texture": "#0"},
				"down": {"uv": [8, 1.75, 7.5, 2], "texture": "#0"}
			}
		},
		{
			"from": [3.5, 4, 1],
			"to": [7.5, 6, 3],
			"rotation": {"angle": 0, "axis": "y", "origin": [0.5, 10, -12]},
			"faces": {
				"north": {"uv": [7.5, 2.875, 8, 3.125], "texture": "#0"},
				"east": {"uv": [7.125, 7.625, 7.375, 7.875], "texture": "#0"},
				"south": {"uv": [3.125, 7.5, 3.625, 7.75], "texture": "#0"},
				"west": {"uv": [7.625, 7.125, 7.875, 7.375], "texture": "#0"},
				"up": {"uv": [8, 3.375, 7.5, 3.125], "texture": "#0"},
				"down": {"uv": [8, 3.375, 7.5, 3.625], "texture": "#0"}
			}
		},
		{
			"from": [3.5, -8, 1],
			"to": [7.5, -6, 3],
			"rotation": {"angle": 0, "axis": "y", "origin": [0.5, -2, -12]},
			"faces": {
				"north": {"uv": [7.5, 3.625, 8, 3.875], "texture": "#0"},
				"east": {"uv": [7.625, 7.375, 7.875, 7.625], "texture": "#0"},
				"south": {"uv": [7.5, 3.875, 8, 4.125], "texture": "#0"},
				"west": {"uv": [7.625, 7.625, 7.875, 7.875], "texture": "#0"},
				"up": {"uv": [8, 4.375, 7.5, 4.125], "texture": "#0"},
				"down": {"uv": [8, 4.375, 7.5, 4.625], "texture": "#0"}
			}
		},
		{
			"from": [3.5, -8, 13],
			"to": [7.5, -6, 15],
			"rotation": {"angle": 0, "axis": "y", "origin": [0.5, -2, 0]},
			"faces": {
				"north": {"uv": [7.5, 4.625, 8, 4.875], "texture": "#0"},
				"east": {"uv": [1.125, 7.75, 1.375, 8], "texture": "#0"},
				"south": {"uv": [7.5, 4.875, 8, 5.125], "texture": "#0"},
				"west": {"uv": [1.375, 7.75, 1.625, 8], "texture": "#0"},
				"up": {"uv": [6.25, 7.75, 5.75, 7.5], "texture": "#0"},
				"down": {"uv": [8, 5.875, 7.5, 6.125], "texture": "#0"}
			}
		},
		{
			"from": [8.5, -10, 3],
			"to": [12.5, 8, 13],
			"rotation": {"angle": 0, "axis": "y", "origin": [15.5, 0, 0]},
			"faces": {
				"north": {"uv": [0.5, 2.25, 0, 4.5], "texture": "#0"},
				"east": {"uv": [2.5, 0, 1.25, 2.25], "texture": "#0"},
				"south": {"uv": [1, 2.25, 0.5, 4.5], "texture": "#0"},
				"west": {"uv": [1.25, 0, 0, 2.25], "texture": "#0"},
				"up": {"uv": [4.5, 4.625, 5, 3.375], "texture": "#0"},
				"down": {"uv": [3.625, 4.625, 4.125, 5.875], "texture": "#0"}
			}
		},
		{
			"from": [11, -4, 6],
			"to": [14, 2, 10],
			"rotation": {"angle": 0, "axis": "y", "origin": [15, 0, 0]},
			"faces": {
				"north": {"uv": [3.125, 6.125, 2.75, 6.875], "texture": "#0"},
				"east": {"uv": [6.375, 5, 5.875, 5.75], "texture": "#0"},
				"south": {"uv": [1.625, 6.75, 1.25, 7.5], "texture": "#0"},
				"west": {"uv": [5, 5.875, 4.5, 6.625], "texture": "#0"},
				"up": {"uv": [7.125, 3.5, 7.5, 3], "texture": "#0"},
				"down": {"uv": [7.125, 3.5, 7.5, 4], "texture": "#0"}
			}
		},
		{
			"from": [11.5, -3, 5],
			"to": [14.5, 1, 6],
			"rotation": {"angle": 0, "axis": "y", "origin": [15.5, 0, -4]},
			"faces": {
				"north": {"uv": [7.5, 4, 7.125, 4.5], "texture": "#0"},
				"east": {"uv": [5.5, 2.875, 5.375, 3.375], "texture": "#0"},
				"south": {"uv": [7.5, 6.25, 7.125, 6.75], "texture": "#0"},
				"west": {"uv": [5.5, 2.375, 5.375, 2.875], "texture": "#0"},
				"up": {"uv": [2.375, 4.875, 2.75, 4.75], "texture": "#0"},
				"down": {"uv": [5.5, 4.5, 5.875, 4.625], "texture": "#0"}
			}
		},
		{
			"from": [11, -3, 10],
			"to": [14, 1, 11],
			"rotation": {"angle": 0, "axis": "y", "origin": [15, 0, 1]},
			"faces": {
				"north": {"uv": [7, 7.125, 6.625, 7.625], "texture": "#0"},
				"east": {"uv": [5.625, 7.625, 5.5, 8.125], "texture": "#0"},
				"south": {"uv": [7.375, 7.125, 7, 7.625], "texture": "#0"},
				"west": {"uv": [3.125, 7.625, 3, 8.125], "texture": "#0"},
				"up": {"uv": [5.875, 4.625, 6.25, 4.5], "texture": "#0"},
				"down": {"uv": [6.375, 5.625, 6.75, 5.75], "texture": "#0"}
			}
		},
		{
			"from": [11.5, -9, 6.5],
			"to": [13.5, -3, 9.5],
			"rotation": {"angle": 0, "axis": "z", "origin": [13.5, -1, 8]},
			"faces": {
				"north": {"uv": [7.5, 0, 7.25, 0.75], "texture": "#0"},
				"east": {"uv": [6.5, 6.75, 6.125, 7.5], "texture": "#0"},
				"south": {"uv": [4.75, 7.25, 4.5, 8], "texture": "#0"},
				"west": {"uv": [6.125, 6.75, 5.75, 7.5], "texture": "#0"},
				"up": {"uv": [7.25, 1.125, 7.5, 0.75], "texture": "#0"},
				"down": {"uv": [7.5, 6.125, 7.75, 6.5], "texture": "#0"}
			}
		},
		{
			"from": [11.5, -2.5, 10],
			"to": [13.5, 0.5, 16],
			"rotation": {"angle": 0, "axis": "x", "origin": [13.5, -1, 8]},
			"faces": {
				"north": {"uv": [6.5, 7.5, 6.25, 7.875], "texture": "#0"},
				"east": {"uv": [7.25, 6.75, 6.5, 7.125], "texture": "#0"},
				"south": {"uv": [7.625, 7.5, 7.375, 7.875], "texture": "#0"},
				"west": {"uv": [7.5, 5.875, 6.75, 6.25], "texture": "#0"},
				"up": {"uv": [7.25, 5.25, 7.5, 4.5], "texture": "#0"},
				"down": {"uv": [4.75, 7.25, 5, 8], "texture": "#0"}
			}
		},
		{
			"from": [11.5, 1, 6.5],
			"to": [13.5, 7, 9.5],
			"rotation": {"angle": 0, "axis": "x", "origin": [13.5, -1, 8]},
			"faces": {
				"north": {"uv": [5.25, 7.25, 5, 8], "texture": "#0"},
				"east": {"uv": [2.375, 6.875, 2, 7.625], "texture": "#0"},
				"south": {"uv": [0.25, 7.375, 0, 8.125], "texture": "#0"},
				"west": {"uv": [2, 6.875, 1.625, 7.625], "texture": "#0"},
				"up": {"uv": [7.625, 0.375, 7.875, 0], "texture": "#0"},
				"down": {"uv": [7.625, 0.375, 7.875, 0.75], "texture": "#0"}
			}
		},
		{
			"from": [11.5, -2.5, 0],
			"to": [13.5, 0.5, 6],
			"rotation": {"angle": 0, "axis": "x", "origin": [13.5, -1, 8]},
			"faces": {
				"north": {"uv": [7.875, 0.75, 7.625, 1.125], "texture": "#0"},
				"east": {"uv": [0.75, 7, 0, 7.375], "texture": "#0"},
				"south": {"uv": [7.875, 1.125, 7.625, 1.5], "texture": "#0"},
				"west": {"uv": [5.25, 6.875, 4.5, 7.25], "texture": "#0"},
				"up": {"uv": [0.25, 8.125, 0.5, 7.375], "texture": "#0"},
				"down": {"uv": [0.5, 7.375, 0.75, 8.125], "texture": "#0"}
			}
		},
		{
			"from": [11.4, -2.5, -1],
			"to": [13.4, 0.5, 6],
			"rotation": {"angle": 45, "axis": "x", "origin": [13.5, -1, 8]},
			"faces": {
				"north": {"uv": [1.875, 7.625, 1.625, 8], "texture": "#0"},
				"east": {"uv": [1.625, 6, 0.75, 6.375], "texture": "#0"},
				"south": {"uv": [2.125, 7.625, 1.875, 8], "texture": "#0"},
				"west": {"uv": [6.75, 5.75, 5.875, 6.125], "texture": "#0"},
				"up": {"uv": [2.5, 2.125, 2.75, 1.25], "texture": "#0"},
				"down": {"uv": [3.375, 4.875, 3.625, 5.75], "texture": "#0"}
			}
		},
		{
			"from": [11.4, 1, 6.5],
			"to": [13.4, 8, 9.5],
			"rotation": {"angle": 45, "axis": "x", "origin": [13.5, -1, 8]},
			"faces": {
				"north": {"uv": [3.375, 6.125, 3.125, 7], "texture": "#0"},
				"east": {"uv": [2, 6, 1.625, 6.875], "texture": "#0"},
				"south": {"uv": [2.625, 7, 2.375, 7.875], "texture": "#0"},
				"west": {"uv": [5.875, 3.625, 5.5, 4.5], "texture": "#0"},
				"up": {"uv": [7.625, 2.375, 7.875, 2], "texture": "#0"},
				"down": {"uv": [2.125, 7.625, 2.375, 8], "texture": "#0"}
			}
		},
		{
			"from": [11.4, -2.5, 10],
			"to": [13.4, 0.5, 17],
			"rotation": {"angle": 45, "axis": "x", "origin": [13.5, -1, 8]},
			"faces": {
				"north": {"uv": [7.875, 2.375, 7.625, 2.75], "texture": "#0"},
				"east": {"uv": [7, 1.5, 6.125, 1.875], "texture": "#0"},
				"south": {"uv": [3, 7.625, 2.75, 8], "texture": "#0"},
				"west": {"uv": [7, 1.125, 6.125, 1.5], "texture": "#0"},
				"up": {"uv": [3.625, 7.875, 3.875, 7], "texture": "#0"},
				"down": {"uv": [3.875, 7, 4.125, 7.875], "texture": "#0"}
			}
		},
		{
			"from": [11.4, -10, 6.5],
			"to": [13.4, -3, 9.5],
			"rotation": {"angle": 45, "axis": "x", "origin": [13.5, -1, 8]},
			"faces": {
				"north": {"uv": [4.375, 7, 4.125, 7.875], "texture": "#0"},
				"east": {"uv": [2.75, 6.125, 2.375, 7], "texture": "#0"},
				"south": {"uv": [7.375, 2.125, 7.125, 3], "texture": "#0"},
				"west": {"uv": [2.375, 6, 2, 6.875], "texture": "#0"},
				"up": {"uv": [5.25, 8, 5.5, 7.625], "texture": "#0"},
				"down": {"uv": [7.625, 6.5, 7.875, 6.875], "texture": "#0"}
			}
		},
		{
			"from": [8.5, 7, 3],
			"to": [15.5, 10, 13],
			"rotation": {"angle": 0, "axis": "y", "origin": [15.5, 0, 0]},
			"faces": {
				"north": {"uv": [7, 1.875, 6.125, 2.25], "texture": "#0"},
				"east": {"uv": [6.375, 0.375, 5.125, 0.75], "texture": "#0"},
				"south": {"uv": [6.75, 6.125, 5.875, 6.5], "texture": "#0"},
				"west": {"uv": [6.375, 0, 5.125, 0.375], "texture": "#0"},
				"up": {"uv": [1, 3.5, 1.875, 2.25], "texture": "#0"},
				"down": {"uv": [1.875, 2.25, 2.75, 3.5], "texture": "#0"}
			}
		},
		{
			"from": [8.5, -12, 3],
			"to": [15.5, -9, 13],
			"rotation": {"angle": 0, "axis": "y", "origin": [15.5, 0, 0]},
			"faces": {
				"north": {"uv": [7.125, 2.25, 6.25, 2.625], "texture": "#0"},
				"east": {"uv": [6.375, 4.625, 5.125, 5], "texture": "#0"},
				"south": {"uv": [7.125, 2.625, 6.25, 3], "texture": "#0"},
				"west": {"uv": [6.375, 0.75, 5.125, 1.125], "texture": "#0"},
				"up": {"uv": [2.5, 1.25, 3.375, 0], "texture": "#0"},
				"down": {"uv": [2.75, 1.25, 3.625, 2.5], "texture": "#0"}
			}
		},
		{
			"from": [8.5, -6, -3],
			"to": [15.5, 4, 0],
			"rotation": {"angle": 0, "axis": "y", "origin": [15.5, 0, 0]},
			"faces": {
				"north": {"uv": [3.625, 2.5, 2.75, 3.75], "texture": "#0"},
				"east": {"uv": [5.75, 1.125, 5.375, 2.375], "texture": "#0"},
				"south": {"uv": [4.25, 0, 3.375, 1.25], "texture": "#0"},
				"west": {"uv": [5.5, 5, 5.125, 6.25], "texture": "#0"},
				"up": {"uv": [6.25, 3.375, 7.125, 3], "texture": "#0"},
				"down": {"uv": [6.25, 3.375, 7.125, 3.75], "texture": "#0"}
			}
		},
		{
			"from": [15.51, -7, -2],
			"to": [15.51, 5, -1],
			"rotation": {"angle": 0, "axis": "y", "origin": [15.5, 0, 0]},
			"faces": {
				"north": {"uv": [0, 0, 0, 1.5], "texture": "#0"},
				"east": {"uv": [0.875, 7.5, 0.75, 9], "texture": "#0"},
				"south": {"uv": [0, 0, 0, 1.5], "texture": "#0"},
				"west": {"uv": [7.625, 0, 7.5, 1.5], "texture": "#0"},
				"up": {"uv": [0, 0.125, 0, 0], "texture": "#0"},
				"down": {"uv": [0, 0, 0, 0.125], "texture": "#0"}
			}
		},
		{
			"from": [15.51, 4, 0],
			"to": [15.51, 7, 1],
			"rotation": {"angle": 0, "axis": "y", "origin": [15.5, 1, 2]},
			"faces": {
				"north": {"uv": [0, 0, 0, 0.375], "texture": "#0"},
				"east": {"uv": [5.125, 5.875, 5, 6.25], "texture": "#0"},
				"south": {"uv": [0, 0, 0, 0.375], "texture": "#0"},
				"west": {"uv": [0.875, 5.625, 0.75, 6], "texture": "#0"},
				"up": {"uv": [0, 0.125, 0, 0], "texture": "#0"},
				"down": {"uv": [0, 0, 0, 0.125], "texture": "#0"}
			}
		},
		{
			"from": [15.51, 5, 1],
			"to": [15.51, 8, 2],
			"rotation": {"angle": 0, "axis": "y", "origin": [15.5, 2, 3]},
			"faces": {
				"north": {"uv": [0, 0, 0, 0.375], "texture": "#0"},
				"east": {"uv": [3.25, 7.75, 3.125, 8.125], "texture": "#0"},
				"south": {"uv": [0, 0, 0, 0.375], "texture": "#0"},
				"west": {"uv": [7.375, 6.75, 7.25, 7.125], "texture": "#0"},
				"up": {"uv": [0, 0.125, 0, 0], "texture": "#0"},
				"down": {"uv": [0, 0, 0, 0.125], "texture": "#0"}
			}
		},
		{
			"from": [15.51, 6, 2],
			"to": [15.51, 9, 3],
			"rotation": {"angle": 0, "axis": "y", "origin": [15.5, 3, 4]},
			"faces": {
				"north": {"uv": [0, 0, 0, 0.375], "texture": "#0"},
				"east": {"uv": [3.5, 7.75, 3.375, 8.125], "texture": "#0"},
				"south": {"uv": [0, 0, 0, 0.375], "texture": "#0"},
				"west": {"uv": [3.375, 7.75, 3.25, 8.125], "texture": "#0"},
				"up": {"uv": [0, 0.125, 0, 0], "texture": "#0"},
				"down": {"uv": [0, 0, 0, 0.125], "texture": "#0"}
			}
		},
		{
			"from": [15.51, -9, 0],
			"to": [15.51, -6, 1],
			"rotation": {"angle": 0, "axis": "y", "origin": [15.5, -3, 2]},
			"faces": {
				"north": {"uv": [0, 0, 0, 0.375], "texture": "#0"},
				"east": {"uv": [7.875, 5.125, 7.75, 5.5], "texture": "#0"},
				"south": {"uv": [0, 0, 0, 0.375], "texture": "#0"},
				"west": {"uv": [3.625, 7.75, 3.5, 8.125], "texture": "#0"},
				"up": {"uv": [0, 0.125, 0, 0], "texture": "#0"},
				"down": {"uv": [0, 0, 0, 0.125], "texture": "#0"}
			}
		},
		{
			"from": [15.51, -10, 1],
			"to": [15.51, -7, 2],
			"rotation": {"angle": 0, "axis": "y", "origin": [15.5, -4, 3]},
			"faces": {
				"north": {"uv": [0, 0, 0, 0.375], "texture": "#0"},
				"east": {"uv": [6, 7.75, 5.875, 8.125], "texture": "#0"},
				"south": {"uv": [0, 0, 0, 0.375], "texture": "#0"},
				"west": {"uv": [5.875, 7.75, 5.75, 8.125], "texture": "#0"},
				"up": {"uv": [0, 0.125, 0, 0], "texture": "#0"},
				"down": {"uv": [0, 0, 0, 0.125], "texture": "#0"}
			}
		},
		{
			"from": [15.51, -11, 2],
			"to": [15.51, -8, 3],
			"rotation": {"angle": 0, "axis": "y", "origin": [15.5, -5, 4]},
			"faces": {
				"north": {"uv": [0, 0, 0, 0.375], "texture": "#0"},
				"east": {"uv": [6.25, 7.75, 6.125, 8.125], "texture": "#0"},
				"south": {"uv": [0, 0, 0, 0.375], "texture": "#0"},
				"west": {"uv": [6.125, 7.75, 6, 8.125], "texture": "#0"},
				"up": {"uv": [0, 0.125, 0, 0], "texture": "#0"},
				"down": {"uv": [0, 0, 0, 0.125], "texture": "#0"}
			}
		},
		{
			"from": [15.51, 7, 3],
			"to": [15.51, 9, 13],
			"rotation": {"angle": 0, "axis": "y", "origin": [15.5, 3, 5]},
			"faces": {
				"north": {"uv": [0, 0, 0, 0.25], "texture": "#0"},
				"east": {"uv": [5.75, 6.625, 4.5, 6.875], "texture": "#0"},
				"south": {"uv": [0, 0, 0, 0.25], "texture": "#0"},
				"west": {"uv": [7.125, 6.5, 5.875, 6.75], "texture": "#0"},
				"up": {"uv": [0, 1.25, 0, 0], "texture": "#0"},
				"down": {"uv": [0, 0, 0, 1.25], "texture": "#0"}
			}
		},
		{
			"from": [15.51, -11, 3],
			"to": [15.51, -9, 13],
			"rotation": {"angle": 0, "axis": "y", "origin": [15.5, -15, 5]},
			"faces": {
				"north": {"uv": [0, 0, 0, 0.25], "texture": "#0"},
				"east": {"uv": [8, 5.625, 6.75, 5.875], "texture": "#0"},
				"south": {"uv": [0, 0, 0, 0.25], "texture": "#0"},
				"west": {"uv": [1.25, 6.75, 0, 7], "texture": "#0"},
				"up": {"uv": [0, 1.25, 0, 0], "texture": "#0"},
				"down": {"uv": [0, 0, 0, 1.25], "texture": "#0"}
			}
		},
		{
			"from": [15.51, -8, -1],
			"to": [15.51, 6, 0],
			"rotation": {"angle": 0, "axis": "y", "origin": [15.5, 0, 1]},
			"faces": {
				"north": {"uv": [0, 0, 0, 1.75], "texture": "#0"},
				"east": {"uv": [2.75, 7, 2.625, 8.75], "texture": "#0"},
				"south": {"uv": [0, 0, 0, 1.75], "texture": "#0"},
				"west": {"uv": [5.75, 6.875, 5.625, 8.625], "texture": "#0"},
				"up": {"uv": [0, 0.125, 0, 0], "texture": "#0"},
				"down": {"uv": [0, 0, 0, 0.125], "texture": "#0"}
			}
		},
		{
			"from": [15.51, -7, 17],
			"to": [15.51, 5, 18],
			"rotation": {"angle": 0, "axis": "y", "origin": [15.5, 0, 16]},
			"faces": {
				"north": {"uv": [0, 0, 0, 1.5], "texture": "#0"},
				"east": {"uv": [1.125, 7.5, 1, 9], "texture": "#0"},
				"south": {"uv": [0, 0, 0, 1.5], "texture": "#0"},
				"west": {"uv": [1, 7.5, 0.875, 9], "texture": "#0"},
				"up": {"uv": [0, 0.125, 0, 0], "texture": "#0"},
				"down": {"uv": [0, 0, 0, 0.125], "texture": "#0"}
			}
		},
		{
			"from": [15.51, -8, 16],
			"to": [15.51, 6, 17],
			"rotation": {"angle": 0, "axis": "y", "origin": [15.5, 0, 15]},
			"faces": {
				"north": {"uv": [0, 0, 0, 1.75], "texture": "#0"},
				"east": {"uv": [6.625, 7.125, 6.5, 8.875], "texture": "#0"},
				"south": {"uv": [0, 0, 0, 1.75], "texture": "#0"},
				"west": {"uv": [4.5, 7, 4.375, 8.75], "texture": "#0"},
				"up": {"uv": [0, 0.125, 0, 0], "texture": "#0"},
				"down": {"uv": [0, 0, 0, 0.125], "texture": "#0"}
			}
		},
		{
			"from": [15.51, -9, 15],
			"to": [15.51, -6, 16],
			"rotation": {"angle": 0, "axis": "y", "origin": [15.5, -3, 14]},
			"faces": {
				"north": {"uv": [0, 0, 0, 0.375], "texture": "#0"},
				"east": {"uv": [8, 0, 7.875, 0.375], "texture": "#0"},
				"south": {"uv": [0, 0, 0, 0.375], "texture": "#0"},
				"west": {"uv": [7.875, 6.125, 7.75, 6.5], "texture": "#0"},
				"up": {"uv": [0, 0.125, 0, 0], "texture": "#0"},
				"down": {"uv": [0, 0, 0, 0.125], "texture": "#0"}
			}
		},
		{
			"from": [15.51, -10, 14],
			"to": [15.51, -7, 15],
			"rotation": {"angle": 0, "axis": "y", "origin": [15.5, -4, 13]},
			"faces": {
				"north": {"uv": [0, 0, 0, 0.375], "texture": "#0"},
				"east": {"uv": [8, 0.75, 7.875, 1.125], "texture": "#0"},
				"south": {"uv": [0, 0, 0, 0.375], "texture": "#0"},
				"west": {"uv": [8, 0.375, 7.875, 0.75], "texture": "#0"},
				"up": {"uv": [0, 0.125, 0, 0], "texture": "#0"},
				"down": {"uv": [0, 0, 0, 0.125], "texture": "#0"}
			}
		},
		{
			"from": [15.51, -11, 13],
			"to": [15.51, -8, 14],
			"rotation": {"angle": 0, "axis": "y", "origin": [15.5, -5, 12]},
			"faces": {
				"north": {"uv": [0, 0, 0, 0.375], "texture": "#0"},
				"east": {"uv": [8, 2, 7.875, 2.375], "texture": "#0"},
				"south": {"uv": [0, 0, 0, 0.375], "texture": "#0"},
				"west": {"uv": [8, 1.125, 7.875, 1.5], "texture": "#0"},
				"up": {"uv": [0, 0.125, 0, 0], "texture": "#0"},
				"down": {"uv": [0, 0, 0, 0.125], "texture": "#0"}
			}
		},
		{
			"from": [15.51, 4, 15],
			"to": [15.51, 7, 16],
			"rotation": {"angle": 0, "axis": "y", "origin": [15.5, 1, 14]},
			"faces": {
				"north": {"uv": [0, 0, 0, 0.375], "texture": "#0"},
				"east": {"uv": [8, 2.375, 7.875, 2.75], "texture": "#0"},
				"south": {"uv": [0, 0, 0, 0.375], "texture": "#0"},
				"west": {"uv": [2.5, 7.875, 2.375, 8.25], "texture": "#0"},
				"up": {"uv": [0, 0.125, 0, 0], "texture": "#0"},
				"down": {"uv": [0, 0, 0, 0.125], "texture": "#0"}
			}
		},
		{
			"from": [15.51, 5, 14],
			"to": [15.51, 8, 15],
			"rotation": {"angle": 0, "axis": "y", "origin": [15.5, 2, 13]},
			"faces": {
				"north": {"uv": [0, 0, 0, 0.375], "texture": "#0"},
				"east": {"uv": [3.75, 7.875, 3.625, 8.25], "texture": "#0"},
				"south": {"uv": [0, 0, 0, 0.375], "texture": "#0"},
				"west": {"uv": [2.625, 7.875, 2.5, 8.25], "texture": "#0"},
				"up": {"uv": [0, 0.125, 0, 0], "texture": "#0"},
				"down": {"uv": [0, 0, 0, 0.125], "texture": "#0"}
			}
		},
		{
			"from": [15.51, 6, 13],
			"to": [15.51, 9, 14],
			"rotation": {"angle": 0, "axis": "y", "origin": [15.5, 3, 12]},
			"faces": {
				"north": {"uv": [0, 0, 0, 0.375], "texture": "#0"},
				"east": {"uv": [4, 7.875, 3.875, 8.25], "texture": "#0"},
				"south": {"uv": [0, 0, 0, 0.375], "texture": "#0"},
				"west": {"uv": [3.875, 7.875, 3.75, 8.25], "texture": "#0"},
				"up": {"uv": [0, 0.125, 0, 0], "texture": "#0"},
				"down": {"uv": [0, 0, 0, 0.125], "texture": "#0"}
			}
		},
		{
			"from": [8.52, 4, -3],
			"to": [15.48, 12.5, 0],
			"rotation": {"angle": 45, "axis": "x", "origin": [15.5, 4, -3]},
			"faces": {
				"north": {"uv": [4.5, 1.25, 3.625, 2.375], "texture": "#0"},
				"east": {"uv": [0.75, 5.625, 0.375, 6.75], "texture": "#0"},
				"south": {"uv": [4.5, 2.375, 3.625, 3.5], "texture": "#0"},
				"west": {"uv": [0.375, 5.625, 0, 6.75], "texture": "#0"},
				"up": {"uv": [6.25, 4.125, 7.125, 3.75], "texture": "#0"},
				"down": {"uv": [6.25, 4.125, 7.125, 4.5], "texture": "#0"}
			}
		},
		{
			"from": [8.52, 4, 16],
			"to": [15.48, 12.5, 19],
			"rotation": {"angle": -45, "axis": "x", "origin": [15.5, 4, 19]},
			"faces": {
				"north": {"uv": [4.5, 3.5, 3.625, 4.625], "texture": "#0"},
				"east": {"uv": [6.25, 2.25, 5.875, 3.375], "texture": "#0"},
				"south": {"uv": [3.625, 3.75, 2.75, 4.875], "texture": "#0"},
				"west": {"uv": [6.125, 1.125, 5.75, 2.25], "texture": "#0"},
				"up": {"uv": [5, 6.625, 5.875, 6.25], "texture": "#0"},
				"down": {"uv": [6.375, 0, 7.25, 0.375], "texture": "#0"}
			}
		},
		{
			"from": [8.52, -14.5, -3],
			"to": [15.48, -6, 0],
			"rotation": {"angle": -45, "axis": "x", "origin": [15.5, -6, -3]},
			"faces": {
				"north": {"uv": [5.125, 0, 4.25, 1.125], "texture": "#0"},
				"east": {"uv": [6.25, 3.375, 5.875, 4.5], "texture": "#0"},
				"south": {"uv": [0.875, 4.5, 0, 5.625], "texture": "#0"},
				"west": {"uv": [3.75, 5.875, 3.375, 7], "texture": "#0"},
				"up": {"uv": [6.375, 0.75, 7.25, 0.375], "texture": "#0"},
				"down": {"uv": [0.75, 6.375, 1.625, 6.75], "texture": "#0"}
			}
		},
		{
			"from": [8.52, -14.5, 16],
			"to": [15.48, -6, 19],
			"rotation": {"angle": 45, "axis": "x", "origin": [15.5, -6, 19]},
			"faces": {
				"north": {"uv": [5.375, 1.125, 4.5, 2.25], "texture": "#0"},
				"east": {"uv": [4.5, 5.875, 4.125, 7], "texture": "#0"},
				"south": {"uv": [5.375, 2.25, 4.5, 3.375], "texture": "#0"},
				"west": {"uv": [4.125, 5.875, 3.75, 7], "texture": "#0"},
				"up": {"uv": [6.375, 1.125, 7.25, 0.75], "texture": "#0"},
				"down": {"uv": [6.375, 4.5, 7.25, 4.875], "texture": "#0"}
			}
		},
		{
			"from": [8.5, -6, 16],
			"to": [15.5, 4, 19],
			"rotation": {"angle": 0, "axis": "y", "origin": [15.5, 0, 0]},
			"faces": {
				"north": {"uv": [1.875, 3.5, 1, 4.75], "texture": "#0"},
				"east": {"uv": [5.875, 5, 5.5, 6.25], "texture": "#0"},
				"south": {"uv": [2.75, 3.5, 1.875, 4.75], "texture": "#0"},
				"west": {"uv": [5.875, 2.375, 5.5, 3.625], "texture": "#0"},
				"up": {"uv": [6.375, 5.25, 7.25, 4.875], "texture": "#0"},
				"down": {"uv": [6.375, 5.25, 7.25, 5.625], "texture": "#0"}
			}
		},
		{
			"from": [8.5, -6, -1],
			"to": [12.5, 4, 3],
			"rotation": {"angle": 0, "axis": "y", "origin": [15.5, 0, 0]},
			"faces": {
				"north": {"uv": [4.625, 4.625, 4.125, 5.875], "texture": "#0"},
				"east": {"uv": [1.875, 4.75, 1.375, 6], "texture": "#0"},
				"south": {"uv": [1.375, 4.75, 0.875, 6], "texture": "#0"},
				"west": {"uv": [5.125, 4.625, 4.625, 5.875], "texture": "#0"},
				"up": {"uv": [0.75, 7.5, 1.25, 7], "texture": "#0"},
				"down": {"uv": [7, 1.125, 7.5, 1.625], "texture": "#0"}
			}
		},
		{
			"from": [8.5, -6, 13],
			"to": [12.5, 4, 17],
			"rotation": {"angle": 0, "axis": "y", "origin": [15.5, 0, 0]},
			"faces": {
				"north": {"uv": [2.375, 4.75, 1.875, 6], "texture": "#0"},
				"east": {"uv": [5.5, 3.375, 5, 4.625], "texture": "#0"},
				"south": {"uv": [3.375, 4.875, 2.875, 6.125], "texture": "#0"},
				"west": {"uv": [2.875, 4.875, 2.375, 6.125], "texture": "#0"},
				"up": {"uv": [7, 2.125, 7.5, 1.625], "texture": "#0"},
				"down": {"uv": [3.125, 7, 3.625, 7.5], "texture": "#0"}
			}
		},
		{
			"from": [8.5, 4, 13],
			"to": [12.5, 6, 15],
			"rotation": {"angle": 0, "axis": "y", "origin": [15.5, 10, 0]},
			"faces": {
				"north": {"uv": [7.75, 5.25, 7.25, 5.5], "texture": "#0"},
				"east": {"uv": [7.875, 6.875, 7.625, 7.125], "texture": "#0"},
				"south": {"uv": [1.625, 7.5, 1.125, 7.75], "texture": "#0"},
				"west": {"uv": [7, 6.25, 6.75, 6.5], "texture": "#0"},
				"up": {"uv": [7.5, 1.75, 8, 1.5], "texture": "#0"},
				"down": {"uv": [7.5, 1.75, 8, 2], "texture": "#0"}
			}
		},
		{
			"from": [8.5, 4, 1],
			"to": [12.5, 6, 3],
			"rotation": {"angle": 0, "axis": "y", "origin": [15.5, 10, -12]},
			"faces": {
				"north": {"uv": [8, 2.875, 7.5, 3.125], "texture": "#0"},
				"east": {"uv": [7.875, 7.125, 7.625, 7.375], "texture": "#0"},
				"south": {"uv": [3.625, 7.5, 3.125, 7.75], "texture": "#0"},
				"west": {"uv": [7.375, 7.625, 7.125, 7.875], "texture": "#0"},
				"up": {"uv": [7.5, 3.375, 8, 3.125], "texture": "#0"},
				"down": {"uv": [7.5, 3.375, 8, 3.625], "texture": "#0"}
			}
		},
		{
			"from": [8.5, -8, 1],
			"to": [12.5, -6, 3],
			"rotation": {"angle": 0, "axis": "y", "origin": [15.5, -2, -12]},
			"faces": {
				"north": {"uv": [8, 3.625, 7.5, 3.875], "texture": "#0"},
				"east": {"uv": [7.875, 7.625, 7.625, 7.875], "texture": "#0"},
				"south": {"uv": [8, 3.875, 7.5, 4.125], "texture": "#0"},
				"west": {"uv": [7.875, 7.375, 7.625, 7.625], "texture": "#0"},
				"up": {"uv": [7.5, 4.375, 8, 4.125], "texture": "#0"},
				"down": {"uv": [7.5, 4.375, 8, 4.625], "texture": "#0"}
			}
		},
		{
			"from": [8.5, -8, 13],
			"to": [12.5, -6, 15],
			"rotation": {"angle": 0, "axis": "y", "origin": [15.5, -2, 0]},
			"faces": {
				"north": {"uv": [8, 4.625, 7.5, 4.875], "texture": "#0"},
				"east": {"uv": [1.625, 7.75, 1.375, 8], "texture": "#0"},
				"south": {"uv": [8, 4.875, 7.5, 5.125], "texture": "#0"},
				"west": {"uv": [1.375, 7.75, 1.125, 8], "texture": "#0"},
				"up": {"uv": [5.75, 7.75, 6.25, 7.5], "texture": "#0"},
				"down": {"uv": [7.5, 5.875, 8, 6.125], "texture": "#0"}
			}
		},
		{
			"from": [1, -3, 6],
			"to": [15, 1, 10],
			"rotation": {"angle": 0, "axis": "x", "origin": [0, -1, 8]},
			"faces": {
				"north": {"uv": [2, 0, 16, 4], "texture": "#2"},
				"east": {"uv": [12, 12, 16, 16], "texture": "#2"},
				"south": {"uv": [2, 0, 16, 4], "texture": "#2"},
				"west": {"uv": [12, 12, 16, 16], "texture": "#2"},
				"up": {"uv": [2, 0, 16, 4], "texture": "#2"},
				"down": {"uv": [2, 0, 16, 4], "texture": "#2"}
			}
		},
		{
			"from": [7, -7, 2],
			"to": [9, 5, 14],
			"rotation": {"angle": 0, "axis": "y", "origin": [7, 0, 0]},
			"faces": {
				"north": {"uv": [14.5, 0, 14.75, 1.5], "texture": "#0"},
				"east": {"uv": [14.5, 0, 16, 1.5], "texture": "#0"},
				"south": {"uv": [14.5, 0, 14.75, 1.5], "texture": "#0"},
				"west": {"uv": [14.5, 0, 16, 1.5], "texture": "#0"},
				"up": {"uv": [14.5, 0, 14.75, 1.5], "texture": "#0"},
				"down": {"uv": [14.5, 0, 14.75, 1.5], "texture": "#0"}
			}
		}
	],
	"display": {
		"thirdperson_righthand": {
			"rotation": [75, 45, 0],
			"translation": [0, 2.5, 0],
			"scale": [0.375, 0.375, 0.375]
		},
		"thirdperson_lefthand": {
			"rotation": [75, 45, 0],
			"translation": [0, 2.5, 0],
			"scale": [0.375, 0.375, 0.375]
		},
		"firstperson_righthand": {
			"rotation": [0, 45, 0],
			"scale": [0.4, 0.4, 0.4]
		},
		"firstperson_lefthand": {
			"rotation": [0, 225, 0],
			"scale": [0.4, 0.4, 0.4]
		},
		"ground": {
			"translation": [0, 3, 0],
			"scale": [0.25, 0.25, 0.25]
		},
		"gui": {
			"rotation": [30, 225, 0],
			"translation": [0, 1.5, 0],
			"scale": [0.5, 0.5, 0.5]
		},
		"fixed": {
			"rotation": [0, 90, 0],
			"translation": [0, 2.25, 0],
			"scale": [0.45, 0.45, 0.45]
		}
	},
	"groups": [
		{
			"name": "group",
			"origin": [0, -2, 0],
			"color": 0,
			"children": [0, 1, 2, 3, 4, 5, 6, 7, 8, 9, 10, 11, 12, 13, 14, 15, 16, 17, 18, 19, 20, 21, 22, 23, 24, 25, 26, 27, 28, 29, 30, 31, 32, 33, 34, 35, 36, 37, 38, 39, 40, 41, 42, 43]
		},
		{
			"name": "group",
			"origin": [0, -2, 0],
			"color": 0,
			"children": [44, 45, 46, 47, 48, 49, 50, 51, 52, 53, 54, 55, 56, 57, 58, 59, 60, 61, 62, 63, 64, 65, 66, 67, 68, 69, 70, 71, 72, 73, 74, 75, 76, 77, 78, 79, 80, 81, 82, 83, 84, 85, 86, 87]
		},
		88,
		89
	]
}