{
	"credit": "Made with Blockbench",
	"parent": "create:block/large_wheels",
	"texture_size": [64, 64],
	"textures": {
		"0": "trackwork:block/sprocket_medium",
		"particle": "trackwork:block/sprocket_medium"
	},
	"elements": [
		{
			"name": "Gear",
			"from": [2.5, -9, 6],
			"to": [5.5, 7, 10],
			"rotation": {"angle": 0, "axis": "y", "origin": [12, -9, 0]},
			"faces": {
				"north": {"uv": [7, 1, 7.75, 5], "texture": "#0"},
				"east": {"uv": [0, 0, 1, 4], "texture": "#0"},
				"south": {"uv": [3, 7, 3.75, 11], "texture": "#0"},
				"west": {"uv": [1, 0, 2, 4], "texture": "#0"},
				"up": {"uv": [0.75, 9, 0, 8], "texture": "#0"},
				"down": {"uv": [9.75, 0, 9, 1], "texture": "#0"}
			}
		},
		{
			"name": "Gear",
			"from": [1, -5, -2],
			"to": [6, 3, 1],
			"rotation": {"angle": 0, "axis": "y", "origin": [12, -9, 0]},
			"faces": {
				"north": {"uv": [6.75, 9.5, 8, 11.5], "texture": "#0"},
				"east": {"uv": [11, 0, 11.75, 2], "texture": "#0"},
				"south": {"uv": [9.75, 0, 11, 2], "texture": "#0"},
				"west": {"uv": [1.5, 11.25, 2.25, 13.25], "texture": "#0"},
				"up": {"uv": [7.5, 12.25, 6.25, 11.5], "texture": "#0"},
				"down": {"uv": [12.75, 9, 11.5, 9.75], "texture": "#0"}
			}
		},
		{
			"name": "Gear",
			"from": [0.99, 4, 2],
			"to": [0.99, 7, 3],
			"rotation": {"angle": 0, "axis": "y", "origin": [12, -8, 3]},
			"faces": {
				"north": {"uv": [0, 0, 0, 0.75], "texture": "#0"},
				"east": {"uv": [0.75, 8, 1, 8.75], "texture": "#0"},
				"south": {"uv": [0, 0, 0, 0.75], "texture": "#0"},
				"west": {"uv": [8.5, 3.25, 8.75, 4], "texture": "#0"},
				"up": {"uv": [0, 0.25, 0, 0], "texture": "#0"},
				"down": {"uv": [0, 0, 0, 0.25], "texture": "#0"}
			}
		},
		{
			"name": "Gear",
			"from": [0.99, 5, 3],
			"to": [0.99, 8, 4],
			"rotation": {"angle": 0, "axis": "y", "origin": [12, -7, 4]},
			"faces": {
				"north": {"uv": [0, 0, 0, 0.75], "texture": "#0"},
				"east": {"uv": [8.5, 4, 8.75, 4.75], "texture": "#0"},
				"south": {"uv": [0, 0, 0, 0.75], "texture": "#0"},
				"west": {"uv": [8.75, 3.25, 9, 4], "texture": "#0"},
				"up": {"uv": [0, 0.25, 0, 0], "texture": "#0"},
				"down": {"uv": [0, 0, 0, 0.25], "texture": "#0"}
			}
		},
		{
			"name": "Gear",
			"from": [0.99, 3, 1],
			"to": [0.99, 6, 2],
			"rotation": {"angle": 0, "axis": "y", "origin": [12, -9, 2]},
			"faces": {
				"north": {"uv": [0, 0, 0, 0.75], "texture": "#0"},
				"east": {"uv": [8.75, 4, 9, 4.75], "texture": "#0"},
				"south": {"uv": [0, 0, 0, 0.75], "texture": "#0"},
				"west": {"uv": [2.5, 9, 2.75, 9.75], "texture": "#0"},
				"up": {"uv": [0, 0.25, 0, 0], "texture": "#0"},
				"down": {"uv": [0, 0, 0, 0.25], "texture": "#0"}
			}
		},
		{
			"name": "Gear",
			"from": [0.99, -7, 0],
			"to": [0.99, 5, 1],
			"rotation": {"angle": 0, "axis": "y", "origin": [12, -9, 1]},
			"faces": {
				"north": {"uv": [0, 0, 0, 3], "texture": "#0"},
				"east": {"uv": [2.25, 11.25, 2.5, 14.25], "texture": "#0"},
				"south": {"uv": [0, 0, 0, 3], "texture": "#0"},
				"west": {"uv": [7.5, 12.75, 7.75, 15.75], "texture": "#0"},
				"up": {"uv": [0, 0.25, 0, 0], "texture": "#0"},
				"down": {"uv": [0, 0, 0, 0.25], "texture": "#0"}
			}
		},
		{
			"name": "Gear",
			"from": [0.99, -6, -1],
			"to": [0.99, 4, 0],
			"rotation": {"angle": 0, "axis": "y", "origin": [12, -9, 0]},
			"faces": {
				"north": {"uv": [0, 0, 0, 2.5], "texture": "#0"},
				"east": {"uv": [6.75, 7, 7, 9.5], "texture": "#0"},
				"south": {"uv": [0, 0, 0, 2.5], "texture": "#0"},
				"west": {"uv": [9.75, 12.75, 10, 15.25], "texture": "#0"},
				"up": {"uv": [0, 0.25, 0, 0], "texture": "#0"},
				"down": {"uv": [0, 0, 0, 0.25], "texture": "#0"}
			}
		},
		{
			"name": "Gear",
			"from": [0.99, -8, 1],
			"to": [0.99, -5, 2],
			"rotation": {"angle": 0, "axis": "y", "origin": [12, 7, 2]},
			"faces": {
				"north": {"uv": [0, 0, 0, 0.75], "texture": "#0"},
				"east": {"uv": [2.75, 9, 3, 9.75], "texture": "#0"},
				"south": {"uv": [0, 0, 0, 0.75], "texture": "#0"},
				"west": {"uv": [9.75, 2, 10, 2.75], "texture": "#0"},
				"up": {"uv": [0, 0.25, 0, 0], "texture": "#0"},
				"down": {"uv": [0, 0, 0, 0.25], "texture": "#0"}
			}
		},
		{
			"name": "Gear",
			"from": [0.99, -9, 2],
			"to": [0.99, -6, 3],
			"rotation": {"angle": 0, "axis": "y", "origin": [12, 6, 3]},
			"faces": {
				"north": {"uv": [0, 0, 0, 0.75], "texture": "#0"},
				"east": {"uv": [2.5, 9.75, 2.75, 10.5], "texture": "#0"},
				"south": {"uv": [0, 0, 0, 0.75], "texture": "#0"},
				"west": {"uv": [2.75, 9.75, 3, 10.5], "texture": "#0"},
				"up": {"uv": [0, 0.25, 0, 0], "texture": "#0"},
				"down": {"uv": [0, 0, 0, 0.25], "texture": "#0"}
			}
		},
		{
			"name": "Gear",
			"from": [0.99, -10, 3],
			"to": [0.99, -7, 4],
			"rotation": {"angle": 0, "axis": "y", "origin": [12, 5, 4]},
			"faces": {
				"north": {"uv": [0, 0, 0, 0.75], "texture": "#0"},
				"east": {"uv": [10, 2, 10.25, 2.75], "texture": "#0"},
				"south": {"uv": [0, 0, 0, 0.75], "texture": "#0"},
				"west": {"uv": [12.75, 9, 13, 9.75], "texture": "#0"},
				"up": {"uv": [0, 0.25, 0, 0], "texture": "#0"},
				"down": {"uv": [0, 0, 0, 0.25], "texture": "#0"}
			}
		},
		{
			"name": "Gear",
			"from": [0.99, 6, 4],
			"to": [0.99, 8, 12],
			"rotation": {"angle": 0, "axis": "y", "origin": [12, -6, 5]},
			"faces": {
				"north": {"uv": [0, 0, 0, 0.5], "texture": "#0"},
				"east": {"uv": [11.5, 7, 13.5, 7.5], "texture": "#0"},
				"south": {"uv": [0, 0, 0, 0.5], "texture": "#0"},
				"west": {"uv": [11.5, 7.5, 13.5, 8], "texture": "#0"},
				"up": {"uv": [0, 2, 0, 0], "texture": "#0"},
				"down": {"uv": [0, 0, 0, 2], "texture": "#0"}
			}
		},
		{
			"name": "Gear",
			"from": [0.99, -10, 4],
			"to": [0.99, -8, 12],
			"rotation": {"angle": 0, "axis": "y", "origin": [12, -22, 5]},
			"faces": {
				"north": {"uv": [0, 0, 0, 0.5], "texture": "#0"},
				"east": {"uv": [11.5, 8, 13.5, 8.5], "texture": "#0"},
				"south": {"uv": [0, 0, 0, 0.5], "texture": "#0"},
				"west": {"uv": [11.5, 8.5, 13.5, 9], "texture": "#0"},
				"up": {"uv": [0, 2, 0, 0], "texture": "#0"},
				"down": {"uv": [0, 0, 0, 2], "texture": "#0"}
			}
		},
		{
			"name": "Gear",
			"from": [0.99, 5, 12],
			"to": [0.99, 8, 13],
			"rotation": {"angle": 0, "axis": "y", "origin": [12, -7, 12]},
			"faces": {
				"north": {"uv": [0, 0, 0, 0.75], "texture": "#0"},
				"east": {"uv": [6.75, 13, 7, 13.75], "texture": "#0"},
				"south": {"uv": [0, 0, 0, 0.75], "texture": "#0"},
				"west": {"uv": [7, 13, 7.25, 13.75], "texture": "#0"},
				"up": {"uv": [0, 0.25, 0, 0], "texture": "#0"},
				"down": {"uv": [0, 0, 0, 0.25], "texture": "#0"}
			}
		},
		{
			"name": "Gear",
			"from": [0.99, 4, 13],
			"to": [0.99, 7, 14],
			"rotation": {"angle": 0, "axis": "y", "origin": [12, -8, 13]},
			"faces": {
				"north": {"uv": [0, 0, 0, 0.75], "texture": "#0"},
				"east": {"uv": [7.25, 13, 7.5, 13.75], "texture": "#0"},
				"south": {"uv": [0, 0, 0, 0.75], "texture": "#0"},
				"west": {"uv": [13, 9, 13.25, 9.75], "texture": "#0"},
				"up": {"uv": [0, 0.25, 0, 0], "texture": "#0"},
				"down": {"uv": [0, 0, 0, 0.25], "texture": "#0"}
			}
		},
		{
			"name": "Gear",
			"from": [0.99, 3, 14],
			"to": [0.99, 6, 15],
			"rotation": {"angle": 0, "axis": "y", "origin": [12, -9, 14]},
			"faces": {
				"north": {"uv": [0, 0, 0, 0.75], "texture": "#0"},
				"east": {"uv": [10, 13, 10.25, 13.75], "texture": "#0"},
				"south": {"uv": [0, 0, 0, 0.75], "texture": "#0"},
				"west": {"uv": [10.25, 13, 10.5, 13.75], "texture": "#0"},
				"up": {"uv": [0, 0.25, 0, 0], "texture": "#0"},
				"down": {"uv": [0, 0, 0, 0.25], "texture": "#0"}
			}
		},
		{
			"name": "Gear",
			"from": [0.99, -7, 15],
			"to": [0.99, 5, 16],
			"rotation": {"angle": 0, "axis": "y", "origin": [12, -9, 15]},
			"faces": {
				"north": {"uv": [0, 0, 0, 3], "texture": "#0"},
				"east": {"uv": [7.75, 12.75, 8, 15.75], "texture": "#0"},
				"south": {"uv": [0, 0, 0, 3], "texture": "#0"},
				"west": {"uv": [8, 12.75, 8.25, 15.75], "texture": "#0"},
				"up": {"uv": [0, 0.25, 0, 0], "texture": "#0"},
				"down": {"uv": [0, 0, 0, 0.25], "texture": "#0"}
			}
		},
		{
			"name": "Gear",
			"from": [0.99, -6, 16],
			"to": [0.99, 4, 17],
			"rotation": {"angle": 0, "axis": "y", "origin": [12, -9, 16]},
			"faces": {
				"north": {"uv": [0, 0, 0, 2.5], "texture": "#0"},
				"east": {"uv": [6.25, 13, 6.5, 15.5], "texture": "#0"},
				"south": {"uv": [0, 0, 0, 2.5], "texture": "#0"},
				"west": {"uv": [6.5, 13, 6.75, 15.5], "texture": "#0"},
				"up": {"uv": [0, 0.25, 0, 0], "texture": "#0"},
				"down": {"uv": [0, 0, 0, 0.25], "texture": "#0"}
			}
		},
		{
			"name": "Gear",
			"from": [0.99, -8, 14],
			"to": [0.99, -5, 15],
			"rotation": {"angle": 0, "axis": "y", "origin": [12, 7, 14]},
			"faces": {
				"north": {"uv": [0, 0, 0, 0.75], "texture": "#0"},
				"east": {"uv": [10.5, 13, 10.75, 13.75], "texture": "#0"},
				"south": {"uv": [0, 0, 0, 0.75], "texture": "#0"},
				"west": {"uv": [10.75, 13, 11, 13.75], "texture": "#0"},
				"up": {"uv": [0, 0.25, 0, 0], "texture": "#0"},
				"down": {"uv": [0, 0, 0, 0.25], "texture": "#0"}
			}
		},
		{
			"name": "Gear",
			"from": [0.99, -9, 13],
			"to": [0.99, -6, 14],
			"rotation": {"angle": 0, "axis": "y", "origin": [12, 6, 13]},
			"faces": {
				"north": {"uv": [0, 0, 0, 0.75], "texture": "#0"},
				"east": {"uv": [11, 13, 11.25, 13.75], "texture": "#0"},
				"south": {"uv": [0, 0, 0, 0.75], "texture": "#0"},
				"west": {"uv": [1.5, 13.25, 1.75, 14], "texture": "#0"},
				"up": {"uv": [0, 0.25, 0, 0], "texture": "#0"},
				"down": {"uv": [0, 0, 0, 0.25], "texture": "#0"}
			}
		},
		{
			"name": "Gear",
			"from": [0.99, -10, 12],
			"to": [0.99, -7, 13],
			"rotation": {"angle": 0, "axis": "y", "origin": [12, 5, 12]},
			"faces": {
				"north": {"uv": [0, 0, 0, 0.75], "texture": "#0"},
				"east": {"uv": [1.75, 13.25, 2, 14], "texture": "#0"},
				"south": {"uv": [0, 0, 0, 0.75], "texture": "#0"},
				"west": {"uv": [2, 13.25, 2.25, 14], "texture": "#0"},
				"up": {"uv": [0, 0.25, 0, 0], "texture": "#0"},
				"down": {"uv": [0, 0, 0, 0.25], "texture": "#0"}
			}
		},
		{
			"name": "Gear",
			"from": [1.02, 3, -2],
			"to": [5.98, 11.5, 1],
			"rotation": {"angle": 45, "axis": "x", "origin": [6, 3, -2]},
			"faces": {
				"north": {"uv": [7.75, 5, 9, 7.25], "texture": "#0"},
				"east": {"uv": [10.5, 10, 11.25, 12.25], "texture": "#0"},
				"south": {"uv": [7.75, 7.25, 9, 9.5], "texture": "#0"},
				"west": {"uv": [2.5, 11, 3.25, 13.25], "texture": "#0"},
				"up": {"uv": [13, 0.75, 11.75, 0], "texture": "#0"},
				"down": {"uv": [13, 0.75, 11.75, 1.5], "texture": "#0"}
			}
		},
		{
			"name": "Gear",
			"from": [1.02, 3, 15],
			"to": [5.98, 11.5, 18],
			"rotation": {"angle": -45, "axis": "x", "origin": [6, 3, 18]},
			"faces": {
				"north": {"uv": [8.5, 1, 9.75, 3.25], "texture": "#0"},
				"east": {"uv": [3.25, 11, 4, 13.25], "texture": "#0"},
				"south": {"uv": [0, 9, 1.25, 11.25], "texture": "#0"},
				"west": {"uv": [4, 11, 4.75, 13.25], "texture": "#0"},
				"up": {"uv": [8.75, 12.75, 7.5, 12], "texture": "#0"},
				"down": {"uv": [10, 12, 8.75, 12.75], "texture": "#0"}
			}
		},
		{
			"name": "Gear",
			"from": [1.02, -13.5, 15],
			"to": [5.98, -5, 18],
			"rotation": {"angle": 45, "axis": "x", "origin": [6, -5, 18]},
			"faces": {
				"north": {"uv": [1.25, 9, 2.5, 11.25], "texture": "#0"},
				"east": {"uv": [4.75, 11, 5.5, 13.25], "texture": "#0"},
				"south": {"uv": [9, 3.25, 10.25, 5.5], "texture": "#0"},
				"west": {"uv": [5.5, 11, 6.25, 13.25], "texture": "#0"},
				"up": {"uv": [13.25, 10.5, 12, 9.75], "texture": "#0"},
				"down": {"uv": [13.25, 10.5, 12, 11.25], "texture": "#0"}
			}
		},
		{
			"name": "Gear",
			"from": [1.02, -13.5, -2],
			"to": [5.98, -5, 1],
			"rotation": {"angle": -45, "axis": "x", "origin": [6, -5, -2]},
			"faces": {
				"north": {"uv": [9, 5.5, 10.25, 7.75], "texture": "#0"},
				"east": {"uv": [0, 11.25, 0.75, 13.5], "texture": "#0"},
				"south": {"uv": [9, 7.75, 10.25, 10], "texture": "#0"},
				"west": {"uv": [0.75, 11.25, 1.5, 13.5], "texture": "#0"},
				"up": {"uv": [12.5, 12.75, 11.25, 12], "texture": "#0"},
				"down": {"uv": [13.25, 11.25, 12, 12], "texture": "#0"}
			}
		},
		{
			"name": "Gear",
			"from": [1, -5, 15],
			"to": [6, 3, 18],
			"rotation": {"angle": 0, "axis": "y", "origin": [12, -9, 0]},
			"faces": {
				"north": {"uv": [8, 10, 9.25, 12], "texture": "#0"},
				"east": {"uv": [11.25, 10, 12, 12], "texture": "#0"},
				"south": {"uv": [9.25, 10, 10.5, 12], "texture": "#0"},
				"west": {"uv": [11.5, 2, 12.25, 4], "texture": "#0"},
				"up": {"uv": [13.5, 2.25, 12.25, 1.5], "texture": "#0"},
				"down": {"uv": [13.5, 2.25, 12.25, 3], "texture": "#0"}
			}
		},
		{
			"name": "Gear",
			"from": [1, -11, 4],
			"to": [6, -8, 12],
			"rotation": {"angle": 0, "axis": "y", "origin": [12, -9, 0]},
			"faces": {
				"north": {"uv": [12.25, 3, 13.5, 3.75], "texture": "#0"},
				"east": {"uv": [11.5, 4, 13.5, 4.75], "texture": "#0"},
				"south": {"uv": [6.25, 12.25, 7.5, 13], "texture": "#0"},
				"west": {"uv": [11.5, 4.75, 13.5, 5.5], "texture": "#0"},
				"up": {"uv": [11.5, 4, 10.25, 2], "texture": "#0"},
				"down": {"uv": [11.5, 4, 10.25, 6], "texture": "#0"}
			}
		},
		{
			"name": "Gear",
			"from": [1, 6, 4],
			"to": [6, 9, 12],
			"rotation": {"angle": 0, "axis": "y", "origin": [12, 9, 0]},
			"faces": {
				"north": {"uv": [10, 12.25, 11.25, 13], "texture": "#0"},
				"east": {"uv": [11.5, 5.5, 13.5, 6.25], "texture": "#0"},
				"south": {"uv": [12.5, 12, 13.75, 12.75], "texture": "#0"},
				"west": {"uv": [11.5, 6.25, 13.5, 7], "texture": "#0"},
				"up": {"uv": [11.5, 8, 10.25, 6], "texture": "#0"},
				"down": {"uv": [11.5, 8, 10.25, 10], "texture": "#0"}
			}
		},
		{
			"name": "Gear2",
			"from": [2.5, -9, 6],
			"to": [5.5, 7, 10],
			"rotation": {"angle": -45, "axis": "x", "origin": [4, -1, 8]},
			"faces": {
				"north": {"uv": [3.75, 7, 4.5, 11], "texture": "#0"},
				"east": {"uv": [2, 0, 3, 4], "texture": "#0"},
				"south": {"uv": [4.5, 7, 5.25, 11], "texture": "#0"},
				"west": {"uv": [3, 0, 4, 4], "texture": "#0"},
				"up": {"uv": [9, 13.75, 8.25, 12.75], "texture": "#0"},
				"down": {"uv": [9.75, 12.75, 9, 13.75], "texture": "#0"}
			}
		},
		{
			"name": "Gear3",
			"from": [2.5, -9, 6],
			"to": [5.5, 7, 10],
			"rotation": {"angle": 45, "axis": "x", "origin": [4, -1, 8]},
			"faces": {
				"north": {"uv": [7, 5, 7.75, 9], "texture": "#0"},
				"east": {"uv": [0, 4, 1, 8], "texture": "#0"},
				"south": {"uv": [5.25, 7, 6, 11], "texture": "#0"},
				"west": {"uv": [4, 0, 5, 4], "texture": "#0"},
				"up": {"uv": [12, 13.75, 11.25, 12.75], "texture": "#0"},
				"down": {"uv": [12.75, 12.75, 12, 13.75], "texture": "#0"}
			}
		},
		{
			"name": "Gear4",
			"from": [2, -3, 0],
			"to": [5, 1, 16],
			"rotation": {"angle": 0, "axis": "y", "origin": [12, -14, 0]},
			"faces": {
				"north": {"uv": [12.75, 12.75, 13.5, 13.75], "texture": "#0"},
				"east": {"uv": [1, 4, 5, 5], "texture": "#0"},
				"south": {"uv": [13, 0, 13.75, 1], "texture": "#0"},
				"west": {"uv": [5, 0, 9, 1], "texture": "#0"},
				"up": {"uv": [6.75, 11, 6, 7], "texture": "#0"},
				"down": {"uv": [8.5, 1, 7.75, 5], "texture": "#0"}
			}
		},
		{
			"from": [1, -5, 4],
			"to": [8, 3, 12],
			"rotation": {"angle": 0, "axis": "y", "origin": [1, -2, 7]},
			"faces": {
				"north": {"uv": [1, 5, 3, 7], "texture": "#0"},
				"east": {"uv": [5, 1, 7, 3], "texture": "#0"},
				"south": {"uv": [3, 5, 5, 7], "texture": "#0"},
				"west": {"uv": [5, 3, 7, 5], "texture": "#0"},
				"up": {"uv": [7, 7, 5, 5], "texture": "#0"},
				"down": {"uv": [3, 7, 1, 9], "texture": "#0"}
			}
		},
		{
			"from": [1.5, 8, 7],
			"to": [5.5, 12, 9],
			"rotation": {"angle": -22.5, "axis": "x", "origin": [1, -1, 8]},
			"faces": {
				"north": {"uv": [14, 2, 15, 3], "texture": "#0"},
				"east": {"uv": [15.5, 3, 16, 4], "texture": "#0"},
				"south": {"uv": [15, 2, 16, 3], "texture": "#0"},
				"west": {"uv": [15, 3, 15.5, 4], "texture": "#0"},
				"up": {"uv": [15, 1.5, 16, 2], "texture": "#0"},
				"down": {"uv": [15, 4, 16, 4.5], "texture": "#0"}
			}
		},
		{
			"from": [1.5, 8, 7],
			"to": [5.5, 12, 9],
			"rotation": {"angle": 0, "axis": "x", "origin": [1, -1, 8]},
			"faces": {
				"north": {"uv": [14, 2, 15, 3], "texture": "#0"},
				"east": {"uv": [15.5, 3, 16, 4], "texture": "#0"},
				"south": {"uv": [15, 2, 16, 3], "texture": "#0"},
				"west": {"uv": [15, 3, 15.5, 4], "texture": "#0"},
				"up": {"uv": [15, 1.5, 16, 2], "texture": "#0"},
				"down": {"uv": [15, 4, 16, 4.5], "texture": "#0"}
			}
		},
		{
			"from": [1.5, 8, 7],
			"to": [5.5, 12, 9],
			"rotation": {"angle": 22.5, "axis": "x", "origin": [1, -1, 8]},
			"faces": {
				"north": {"uv": [14, 2, 15, 3], "texture": "#0"},
				"east": {"uv": [15.5, 3, 16, 4], "texture": "#0"},
				"south": {"uv": [15, 2, 16, 3], "texture": "#0"},
				"west": {"uv": [15, 3, 15.5, 4], "texture": "#0"},
				"up": {"uv": [15, 1.5, 16, 2], "texture": "#0"},
				"down": {"uv": [15, 4, 16, 4.5], "texture": "#0"}
			}
		},
		{
			"from": [1.5, 8, 7],
			"to": [5.5, 12, 9],
			"rotation": {"angle": 45, "axis": "x", "origin": [1, -1, 8]},
			"faces": {
				"north": {"uv": [14, 2, 15, 3], "texture": "#0"},
				"east": {"uv": [15.5, 3, 16, 4], "texture": "#0"},
				"south": {"uv": [15, 2, 16, 3], "texture": "#0"},
				"west": {"uv": [15, 3, 15.5, 4], "texture": "#0"},
				"up": {"uv": [15, 1.5, 16, 2], "texture": "#0"},
				"down": {"uv": [15, 4, 16, 4.5], "texture": "#0"}
			}
		},
		{
			"from": [1.5, -2, 17],
			"to": [5.5, 0, 21],
			"rotation": {"angle": -22.5, "axis": "x", "origin": [1, -1, 8]},
			"faces": {
				"north": {"uv": [15, 4, 16, 4.5], "rotation": 180, "texture": "#0"},
				"east": {"uv": [15.5, 3, 16, 4], "rotation": 270, "texture": "#0"},
				"south": {"uv": [15, 1.5, 16, 2], "texture": "#0"},
				"west": {"uv": [15, 3, 15.5, 4], "rotation": 90, "texture": "#0"},
				"up": {"uv": [14, 2, 15, 3], "rotation": 180, "texture": "#0"},
				"down": {"uv": [15, 2, 16, 3], "texture": "#0"}
			}
		},
		{
			"from": [1.5, -2, 17],
			"to": [5.5, 0, 21],
			"rotation": {"angle": 0, "axis": "x", "origin": [1, -1, 8]},
			"faces": {
				"north": {"uv": [15, 4, 16, 4.5], "rotation": 180, "texture": "#0"},
				"east": {"uv": [15.5, 3, 16, 4], "rotation": 270, "texture": "#0"},
				"south": {"uv": [15, 1.5, 16, 2], "texture": "#0"},
				"west": {"uv": [15, 3, 15.5, 4], "rotation": 90, "texture": "#0"},
				"up": {"uv": [14, 2, 15, 3], "rotation": 180, "texture": "#0"},
				"down": {"uv": [15, 2, 16, 3], "texture": "#0"}
			}
		},
		{
			"from": [1.5, -2, 17],
			"to": [5.5, 0, 21],
			"rotation": {"angle": 22.5, "axis": "x", "origin": [1, -1, 8]},
			"faces": {
				"north": {"uv": [15, 4, 16, 4.5], "rotation": 180, "texture": "#0"},
				"east": {"uv": [15.5, 3, 16, 4], "rotation": 270, "texture": "#0"},
				"south": {"uv": [15, 1.5, 16, 2], "texture": "#0"},
				"west": {"uv": [15, 3, 15.5, 4], "rotation": 90, "texture": "#0"},
				"up": {"uv": [14, 2, 15, 3], "rotation": 180, "texture": "#0"},
				"down": {"uv": [15, 2, 16, 3], "texture": "#0"}
			}
		},
		{
			"from": [1.5, -2, 17],
			"to": [5.5, 0, 21],
			"rotation": {"angle": 45, "axis": "x", "origin": [1, -1, 8]},
			"faces": {
				"north": {"uv": [15, 4, 16, 4.5], "rotation": 180, "texture": "#0"},
				"east": {"uv": [15.5, 3, 16, 4], "rotation": 270, "texture": "#0"},
				"south": {"uv": [15, 1.5, 16, 2], "texture": "#0"},
				"west": {"uv": [15, 3, 15.5, 4], "rotation": 90, "texture": "#0"},
				"up": {"uv": [14, 2, 15, 3], "rotation": 180, "texture": "#0"},
				"down": {"uv": [15, 2, 16, 3], "texture": "#0"}
			}
		},
		{
			"from": [1.5, -14, 7],
			"to": [5.5, -10, 9],
			"rotation": {"angle": -22.5, "axis": "x", "origin": [1, -1, 8]},
			"faces": {
				"north": {"uv": [15, 2, 16, 3], "rotation": 180, "texture": "#0"},
				"east": {"uv": [15.5, 3, 16, 4], "rotation": 180, "texture": "#0"},
				"south": {"uv": [14, 2, 15, 3], "rotation": 180, "texture": "#0"},
				"west": {"uv": [15, 3, 15.5, 4], "rotation": 180, "texture": "#0"},
				"up": {"uv": [15, 4, 16, 4.5], "texture": "#0"},
				"down": {"uv": [15, 1.5, 16, 2], "texture": "#0"}
			}
		},
		{
			"from": [1.5, -14, 7],
			"to": [5.5, -10, 9],
			"rotation": {"angle": 0, "axis": "x", "origin": [1, -1, 8]},
			"faces": {
				"north": {"uv": [15, 2, 16, 3], "rotation": 180, "texture": "#0"},
				"east": {"uv": [15.5, 3, 16, 4], "rotation": 180, "texture": "#0"},
				"south": {"uv": [14, 2, 15, 3], "rotation": 180, "texture": "#0"},
				"west": {"uv": [15, 3, 15.5, 4], "rotation": 180, "texture": "#0"},
				"up": {"uv": [15, 4, 16, 4.5], "texture": "#0"},
				"down": {"uv": [15, 1.5, 16, 2], "texture": "#0"}
			}
		},
		{
			"from": [1.5, -14, 7],
			"to": [5.5, -10, 9],
			"rotation": {"angle": 22.5, "axis": "x", "origin": [1, -1, 8]},
			"faces": {
				"north": {"uv": [15, 2, 16, 3], "rotation": 180, "texture": "#0"},
				"east": {"uv": [15.5, 3, 16, 4], "rotation": 180, "texture": "#0"},
				"south": {"uv": [14, 2, 15, 3], "rotation": 180, "texture": "#0"},
				"west": {"uv": [15, 3, 15.5, 4], "rotation": 180, "texture": "#0"},
				"up": {"uv": [15, 4, 16, 4.5], "texture": "#0"},
				"down": {"uv": [15, 1.5, 16, 2], "texture": "#0"}
			}
		},
		{
			"from": [1.5, -14, 7],
			"to": [5.5, -10, 9],
			"rotation": {"angle": 45, "axis": "x", "origin": [1, -1, 8]},
			"faces": {
				"north": {"uv": [15, 2, 16, 3], "rotation": 180, "texture": "#0"},
				"east": {"uv": [15.5, 3, 16, 4], "rotation": 180, "texture": "#0"},
				"south": {"uv": [14, 2, 15, 3], "rotation": 180, "texture": "#0"},
				"west": {"uv": [15, 3, 15.5, 4], "rotation": 180, "texture": "#0"},
				"up": {"uv": [15, 4, 16, 4.5], "texture": "#0"},
				"down": {"uv": [15, 1.5, 16, 2], "texture": "#0"}
			}
		},
		{
			"from": [1.5, -2, -5],
			"to": [5.5, 0, -1],
			"rotation": {"angle": -22.5, "axis": "x", "origin": [1, -1, 8]},
			"faces": {
				"north": {"uv": [15, 1.5, 16, 2], "rotation": 180, "texture": "#0"},
				"east": {"uv": [15.5, 3, 16, 4], "rotation": 90, "texture": "#0"},
				"south": {"uv": [15, 4, 16, 4.5], "texture": "#0"},
				"west": {"uv": [15, 3, 15.5, 4], "rotation": 270, "texture": "#0"},
				"up": {"uv": [15, 2, 16, 3], "texture": "#0"},
				"down": {"uv": [14, 2, 15, 3], "rotation": 180, "texture": "#0"}
			}
		},
		{
			"from": [1.5, -2, -5],
			"to": [5.5, 0, -1],
			"rotation": {"angle": 0, "axis": "x", "origin": [1, -1, 8]},
			"faces": {
				"north": {"uv": [15, 1.5, 16, 2], "rotation": 180, "texture": "#0"},
				"east": {"uv": [15.5, 3, 16, 4], "rotation": 90, "texture": "#0"},
				"south": {"uv": [15, 4, 16, 4.5], "texture": "#0"},
				"west": {"uv": [15, 3, 15.5, 4], "rotation": 270, "texture": "#0"},
				"up": {"uv": [15, 2, 16, 3], "texture": "#0"},
				"down": {"uv": [14, 2, 15, 3], "rotation": 180, "texture": "#0"}
			}
		},
		{
			"from": [1.5, -2, -5],
			"to": [5.5, 0, -1],
			"rotation": {"angle": 22.5, "axis": "x", "origin": [1, -1, 8]},
			"faces": {
				"north": {"uv": [15, 1.5, 16, 2], "rotation": 180, "texture": "#0"},
				"east": {"uv": [15.5, 3, 16, 4], "rotation": 90, "texture": "#0"},
				"south": {"uv": [15, 4, 16, 4.5], "texture": "#0"},
				"west": {"uv": [15, 3, 15.5, 4], "rotation": 270, "texture": "#0"},
				"up": {"uv": [15, 2, 16, 3], "texture": "#0"},
				"down": {"uv": [14, 2, 15, 3], "rotation": 180, "texture": "#0"}
			}
		},
		{
			"from": [1.5, -2, -5],
			"to": [5.5, 0, -1],
			"rotation": {"angle": 45, "axis": "x", "origin": [1, -1, 8]},
			"faces": {
				"north": {"uv": [15, 1.5, 16, 2], "rotation": 180, "texture": "#0"},
				"east": {"uv": [15.5, 3, 16, 4], "rotation": 90, "texture": "#0"},
				"south": {"uv": [15, 4, 16, 4.5], "texture": "#0"},
				"west": {"uv": [15, 3, 15.5, 4], "rotation": 270, "texture": "#0"},
				"up": {"uv": [15, 2, 16, 3], "texture": "#0"},
				"down": {"uv": [14, 2, 15, 3], "rotation": 180, "texture": "#0"}
			}
		},
		{
			"name": "Gear",
			"from": [10.5, -9, 6],
			"to": [13.5, 7, 10],
			"rotation": {"angle": 0, "axis": "y", "origin": [4, -9, 0]},
			"faces": {
				"north": {"uv": [7.75, 1, 7, 5], "texture": "#0"},
				"east": {"uv": [2, 0, 1, 4], "texture": "#0"},
				"south": {"uv": [3.75, 7, 3, 11], "texture": "#0"},
				"west": {"uv": [1, 0, 0, 4], "texture": "#0"},
				"up": {"uv": [0, 9, 0.75, 8], "texture": "#0"},
				"down": {"uv": [9, 0, 9.75, 1], "texture": "#0"}
			}
		},
		{
			"name": "Gear",
			"from": [10, -5, -2],
			"to": [15, 3, 1],
			"rotation": {"angle": 0, "axis": "y", "origin": [4, -9, 0]},
			"faces": {
				"north": {"uv": [8, 9.5, 6.75, 11.5], "texture": "#0"},
				"east": {"uv": [2.25, 11.25, 1.5, 13.25], "texture": "#0"},
				"south": {"uv": [11, 0, 9.75, 2], "texture": "#0"},
				"west": {"uv": [11.75, 0, 11, 2], "texture": "#0"},
				"up": {"uv": [6.25, 12.25, 7.5, 11.5], "texture": "#0"},
				"down": {"uv": [11.5, 9, 12.75, 9.75], "texture": "#0"}
			}
		},
		{
			"name": "Gear",
			"from": [15.01, 4, 2],
			"to": [15.01, 7, 3],
			"rotation": {"angle": 0, "axis": "y", "origin": [4, -8, 3]},
			"faces": {
				"north": {"uv": [0, 0, 0, 0.75], "texture": "#0"},
				"east": {"uv": [8.75, 3.25, 8.5, 4], "texture": "#0"},
				"south": {"uv": [0, 0, 0, 0.75], "texture": "#0"},
				"west": {"uv": [1, 8, 0.75, 8.75], "texture": "#0"},
				"up": {"uv": [0, 0.25, 0, 0], "texture": "#0"},
				"down": {"uv": [0, 0, 0, 0.25], "texture": "#0"}
			}
		},
		{
			"name": "Gear",
			"from": [15.01, 5, 3],
			"to": [15.01, 8, 4],
			"rotation": {"angle": 0, "axis": "y", "origin": [4, -7, 4]},
			"faces": {
				"north": {"uv": [0, 0, 0, 0.75], "texture": "#0"},
				"east": {"uv": [9, 3.25, 8.75, 4], "texture": "#0"},
				"south": {"uv": [0, 0, 0, 0.75], "texture": "#0"},
				"west": {"uv": [8.75, 4, 8.5, 4.75], "texture": "#0"},
				"up": {"uv": [0, 0.25, 0, 0], "texture": "#0"},
				"down": {"uv": [0, 0, 0, 0.25], "texture": "#0"}
			}
		},
		{
			"name": "Gear",
			"from": [15.01, 3, 1],
			"to": [15.01, 6, 2],
			"rotation": {"angle": 0, "axis": "y", "origin": [4, -9, 2]},
			"faces": {
				"north": {"uv": [0, 0, 0, 0.75], "texture": "#0"},
				"east": {"uv": [2.75, 9, 2.5, 9.75], "texture": "#0"},
				"south": {"uv": [0, 0, 0, 0.75], "texture": "#0"},
				"west": {"uv": [9, 4, 8.75, 4.75], "texture": "#0"},
				"up": {"uv": [0, 0.25, 0, 0], "texture": "#0"},
				"down": {"uv": [0, 0, 0, 0.25], "texture": "#0"}
			}
		},
		{
			"name": "Gear",
			"from": [15.01, -7, 0],
			"to": [15.01, 5, 1],
			"rotation": {"angle": 0, "axis": "y", "origin": [4, -9, 1]},
			"faces": {
				"north": {"uv": [0, 0, 0, 3], "texture": "#0"},
				"east": {"uv": [7.75, 12.75, 7.5, 15.75], "texture": "#0"},
				"south": {"uv": [0, 0, 0, 3], "texture": "#0"},
				"west": {"uv": [2.5, 11.25, 2.25, 14.25], "texture": "#0"},
				"up": {"uv": [0, 0.25, 0, 0], "texture": "#0"},
				"down": {"uv": [0, 0, 0, 0.25], "texture": "#0"}
			}
		},
		{
			"name": "Gear",
			"from": [15.01, -6, -1],
			"to": [15.01, 4, 0],
			"rotation": {"angle": 0, "axis": "y", "origin": [4, -9, 0]},
			"faces": {
				"north": {"uv": [0, 0, 0, 2.5], "texture": "#0"},
				"east": {"uv": [10, 12.75, 9.75, 15.25], "texture": "#0"},
				"south": {"uv": [0, 0, 0, 2.5], "texture": "#0"},
				"west": {"uv": [7, 7, 6.75, 9.5], "texture": "#0"},
				"up": {"uv": [0, 0.25, 0, 0], "texture": "#0"},
				"down": {"uv": [0, 0, 0, 0.25], "texture": "#0"}
			}
		},
		{
			"name": "Gear",
			"from": [15.01, -8, 1],
			"to": [15.01, -5, 2],
			"rotation": {"angle": 0, "axis": "y", "origin": [4, 7, 2]},
			"faces": {
				"north": {"uv": [0, 0, 0, 0.75], "texture": "#0"},
				"east": {"uv": [10, 2, 9.75, 2.75], "texture": "#0"},
				"south": {"uv": [0, 0, 0, 0.75], "texture": "#0"},
				"west": {"uv": [3, 9, 2.75, 9.75], "texture": "#0"},
				"up": {"uv": [0, 0.25, 0, 0], "texture": "#0"},
				"down": {"uv": [0, 0, 0, 0.25], "texture": "#0"}
			}
		},
		{
			"name": "Gear",
			"from": [15.01, -9, 2],
			"to": [15.01, -6, 3],
			"rotation": {"angle": 0, "axis": "y", "origin": [4, 6, 3]},
			"faces": {
				"north": {"uv": [0, 0, 0, 0.75], "texture": "#0"},
				"east": {"uv": [3, 9.75, 2.75, 10.5], "texture": "#0"},
				"south": {"uv": [0, 0, 0, 0.75], "texture": "#0"},
				"west": {"uv": [2.75, 9.75, 2.5, 10.5], "texture": "#0"},
				"up": {"uv": [0, 0.25, 0, 0], "texture": "#0"},
				"down": {"uv": [0, 0, 0, 0.25], "texture": "#0"}
			}
		},
		{
			"name": "Gear",
			"from": [15.01, -10, 3],
			"to": [15.01, -7, 4],
			"rotation": {"angle": 0, "axis": "y", "origin": [4, 5, 4]},
			"faces": {
				"north": {"uv": [0, 0, 0, 0.75], "texture": "#0"},
				"east": {"uv": [13, 9, 12.75, 9.75], "texture": "#0"},
				"south": {"uv": [0, 0, 0, 0.75], "texture": "#0"},
				"west": {"uv": [10.25, 2, 10, 2.75], "texture": "#0"},
				"up": {"uv": [0, 0.25, 0, 0], "texture": "#0"},
				"down": {"uv": [0, 0, 0, 0.25], "texture": "#0"}
			}
		},
		{
			"name": "Gear",
			"from": [15.01, 6, 4],
			"to": [15.01, 8, 12],
			"rotation": {"angle": 0, "axis": "y", "origin": [4, -6, 5]},
			"faces": {
				"north": {"uv": [0, 0, 0, 0.5], "texture": "#0"},
				"east": {"uv": [13.5, 7.5, 11.5, 8], "texture": "#0"},
				"south": {"uv": [0, 0, 0, 0.5], "texture": "#0"},
				"west": {"uv": [13.5, 7, 11.5, 7.5], "texture": "#0"},
				"up": {"uv": [0, 2, 0, 0], "texture": "#0"},
				"down": {"uv": [0, 0, 0, 2], "texture": "#0"}
			}
		},
		{
			"name": "Gear",
			"from": [15.01, -10, 4],
			"to": [15.01, -8, 12],
			"rotation": {"angle": 0, "axis": "y", "origin": [4, -22, 5]},
			"faces": {
				"north": {"uv": [0, 0, 0, 0.5], "texture": "#0"},
				"east": {"uv": [13.5, 8.5, 11.5, 9], "texture": "#0"},
				"south": {"uv": [0, 0, 0, 0.5], "texture": "#0"},
				"west": {"uv": [13.5, 8, 11.5, 8.5], "texture": "#0"},
				"up": {"uv": [0, 2, 0, 0], "texture": "#0"},
				"down": {"uv": [0, 0, 0, 2], "texture": "#0"}
			}
		},
		{
			"name": "Gear",
			"from": [15.01, 5, 12],
			"to": [15.01, 8, 13],
			"rotation": {"angle": 0, "axis": "y", "origin": [4, -7, 12]},
			"faces": {
				"north": {"uv": [0, 0, 0, 0.75], "texture": "#0"},
				"east": {"uv": [7.25, 13, 7, 13.75], "texture": "#0"},
				"south": {"uv": [0, 0, 0, 0.75], "texture": "#0"},
				"west": {"uv": [7, 13, 6.75, 13.75], "texture": "#0"},
				"up": {"uv": [0, 0.25, 0, 0], "texture": "#0"},
				"down": {"uv": [0, 0, 0, 0.25], "texture": "#0"}
			}
		},
		{
			"name": "Gear",
			"from": [15.01, 4, 13],
			"to": [15.01, 7, 14],
			"rotation": {"angle": 0, "axis": "y", "origin": [4, -8, 13]},
			"faces": {
				"north": {"uv": [0, 0, 0, 0.75], "texture": "#0"},
				"east": {"uv": [13.25, 9, 13, 9.75], "texture": "#0"},
				"south": {"uv": [0, 0, 0, 0.75], "texture": "#0"},
				"west": {"uv": [7.5, 13, 7.25, 13.75], "texture": "#0"},
				"up": {"uv": [0, 0.25, 0, 0], "texture": "#0"},
				"down": {"uv": [0, 0, 0, 0.25], "texture": "#0"}
			}
		},
		{
			"name": "Gear",
			"from": [15.01, 3, 14],
			"to": [15.01, 6, 15],
			"rotation": {"angle": 0, "axis": "y", "origin": [4, -9, 14]},
			"faces": {
				"north": {"uv": [0, 0, 0, 0.75], "texture": "#0"},
				"east": {"uv": [10.5, 13, 10.25, 13.75], "texture": "#0"},
				"south": {"uv": [0, 0, 0, 0.75], "texture": "#0"},
				"west": {"uv": [10.25, 13, 10, 13.75], "texture": "#0"},
				"up": {"uv": [0, 0.25, 0, 0], "texture": "#0"},
				"down": {"uv": [0, 0, 0, 0.25], "texture": "#0"}
			}
		},
		{
			"name": "Gear",
			"from": [15.01, -7, 15],
			"to": [15.01, 5, 16],
			"rotation": {"angle": 0, "axis": "y", "origin": [4, -9, 15]},
			"faces": {
				"north": {"uv": [0, 0, 0, 3], "texture": "#0"},
				"east": {"uv": [8.25, 12.75, 8, 15.75], "texture": "#0"},
				"south": {"uv": [0, 0, 0, 3], "texture": "#0"},
				"west": {"uv": [8, 12.75, 7.75, 15.75], "texture": "#0"},
				"up": {"uv": [0, 0.25, 0, 0], "texture": "#0"},
				"down": {"uv": [0, 0, 0, 0.25], "texture": "#0"}
			}
		},
		{
			"name": "Gear",
			"from": [15.01, -6, 16],
			"to": [15.01, 4, 17],
			"rotation": {"angle": 0, "axis": "y", "origin": [4, -9, 16]},
			"faces": {
				"north": {"uv": [0, 0, 0, 2.5], "texture": "#0"},
				"east": {"uv": [6.75, 13, 6.5, 15.5], "texture": "#0"},
				"south": {"uv": [0, 0, 0, 2.5], "texture": "#0"},
				"west": {"uv": [6.5, 13, 6.25, 15.5], "texture": "#0"},
				"up": {"uv": [0, 0.25, 0, 0], "texture": "#0"},
				"down": {"uv": [0, 0, 0, 0.25], "texture": "#0"}
			}
		},
		{
			"name": "Gear",
			"from": [15.01, -8, 14],
			"to": [15.01, -5, 15],
			"rotation": {"angle": 0, "axis": "y", "origin": [4, 7, 14]},
			"faces": {
				"north": {"uv": [0, 0, 0, 0.75], "texture": "#0"},
				"east": {"uv": [11, 13, 10.75, 13.75], "texture": "#0"},
				"south": {"uv": [0, 0, 0, 0.75], "texture": "#0"},
				"west": {"uv": [10.75, 13, 10.5, 13.75], "texture": "#0"},
				"up": {"uv": [0, 0.25, 0, 0], "texture": "#0"},
				"down": {"uv": [0, 0, 0, 0.25], "texture": "#0"}
			}
		},
		{
			"name": "Gear",
			"from": [15.01, -9, 13],
			"to": [15.01, -6, 14],
			"rotation": {"angle": 0, "axis": "y", "origin": [4, 6, 13]},
			"faces": {
				"north": {"uv": [0, 0, 0, 0.75], "texture": "#0"},
				"east": {"uv": [1.75, 13.25, 1.5, 14], "texture": "#0"},
				"south": {"uv": [0, 0, 0, 0.75], "texture": "#0"},
				"west": {"uv": [11.25, 13, 11, 13.75], "texture": "#0"},
				"up": {"uv": [0, 0.25, 0, 0], "texture": "#0"},
				"down": {"uv": [0, 0, 0, 0.25], "texture": "#0"}
			}
		},
		{
			"name": "Gear",
			"from": [15.01, -10, 12],
			"to": [15.01, -7, 13],
			"rotation": {"angle": 0, "axis": "y", "origin": [4, 5, 12]},
			"faces": {
				"north": {"uv": [0, 0, 0, 0.75], "texture": "#0"},
				"east": {"uv": [2.25, 13.25, 2, 14], "texture": "#0"},
				"south": {"uv": [0, 0, 0, 0.75], "texture": "#0"},
				"west": {"uv": [2, 13.25, 1.75, 14], "texture": "#0"},
				"up": {"uv": [0, 0.25, 0, 0], "texture": "#0"},
				"down": {"uv": [0, 0, 0, 0.25], "texture": "#0"}
			}
		},
		{
			"name": "Gear",
			"from": [10.02, 3, -2],
			"to": [14.98, 11.5, 1],
			"rotation": {"angle": 45, "axis": "x", "origin": [10, 3, -2]},
			"faces": {
				"north": {"uv": [9, 5, 7.75, 7.25], "texture": "#0"},
				"east": {"uv": [3.25, 11, 2.5, 13.25], "texture": "#0"},
				"south": {"uv": [9, 7.25, 7.75, 9.5], "texture": "#0"},
				"west": {"uv": [11.25, 10, 10.5, 12.25], "texture": "#0"},
				"up": {"uv": [11.75, 0.75, 13, 0], "texture": "#0"},
				"down": {"uv": [11.75, 0.75, 13, 1.5], "texture": "#0"}
			}
		},
		{
			"name": "Gear",
			"from": [10.02, 3, 15],
			"to": [14.98, 11.5, 18],
			"rotation": {"angle": -45, "axis": "x", "origin": [10, 3, 18]},
			"faces": {
				"north": {"uv": [9.75, 1, 8.5, 3.25], "texture": "#0"},
				"east": {"uv": [4.75, 11, 4, 13.25], "texture": "#0"},
				"south": {"uv": [1.25, 9, 0, 11.25], "texture": "#0"},
				"west": {"uv": [4, 11, 3.25, 13.25], "texture": "#0"},
				"up": {"uv": [7.5, 12.75, 8.75, 12], "texture": "#0"},
				"down": {"uv": [8.75, 12, 10, 12.75], "texture": "#0"}
			}
		},
		{
			"name": "Gear",
			"from": [10.02, -13.5, 15],
			"to": [14.98, -5, 18],
			"rotation": {"angle": 45, "axis": "x", "origin": [10, -5, 18]},
			"faces": {
				"north": {"uv": [2.5, 9, 1.25, 11.25], "texture": "#0"},
				"east": {"uv": [6.25, 11, 5.5, 13.25], "texture": "#0"},
				"south": {"uv": [10.25, 3.25, 9, 5.5], "texture": "#0"},
				"west": {"uv": [5.5, 11, 4.75, 13.25], "texture": "#0"},
				"up": {"uv": [12, 10.5, 13.25, 9.75], "texture": "#0"},
				"down": {"uv": [12, 10.5, 13.25, 11.25], "texture": "#0"}
			}
		},
		{
			"name": "Gear",
			"from": [10.02, -13.5, -2],
			"to": [14.98, -5, 1],
			"rotation": {"angle": -45, "axis": "x", "origin": [10, -5, -2]},
			"faces": {
				"north": {"uv": [10.25, 5.5, 9, 7.75], "texture": "#0"},
				"east": {"uv": [1.5, 11.25, 0.75, 13.5], "texture": "#0"},
				"south": {"uv": [10.25, 7.75, 9, 10], "texture": "#0"},
				"west": {"uv": [0.75, 11.25, 0, 13.5], "texture": "#0"},
				"up": {"uv": [11.25, 12.75, 12.5, 12], "texture": "#0"},
				"down": {"uv": [12, 11.25, 13.25, 12], "texture": "#0"}
			}
		},
		{
			"name": "Gear",
			"from": [10, -5, 15],
			"to": [15, 3, 18],
			"rotation": {"angle": 0, "axis": "y", "origin": [4, -9, 0]},
			"faces": {
				"north": {"uv": [9.25, 10, 8, 12], "texture": "#0"},
				"east": {"uv": [12.25, 2, 11.5, 4], "texture": "#0"},
				"south": {"uv": [10.5, 10, 9.25, 12], "texture": "#0"},
				"west": {"uv": [12, 10, 11.25, 12], "texture": "#0"},
				"up": {"uv": [12.25, 2.25, 13.5, 1.5], "texture": "#0"},
				"down": {"uv": [12.25, 2.25, 13.5, 3], "texture": "#0"}
			}
		},
		{
			"name": "Gear",
			"from": [10, -11, 4],
			"to": [15, -8, 12],
			"rotation": {"angle": 0, "axis": "y", "origin": [4, -9, 0]},
			"faces": {
				"north": {"uv": [13.5, 3, 12.25, 3.75], "texture": "#0"},
				"east": {"uv": [13.5, 4.75, 11.5, 5.5], "texture": "#0"},
				"south": {"uv": [7.5, 12.25, 6.25, 13], "texture": "#0"},
				"west": {"uv": [13.5, 4, 11.5, 4.75], "texture": "#0"},
				"up": {"uv": [10.25, 4, 11.5, 2], "texture": "#0"},
				"down": {"uv": [10.25, 4, 11.5, 6], "texture": "#0"}
			}
		},
		{
			"name": "Gear",
			"from": [10, 6, 4],
			"to": [15, 9, 12],
			"rotation": {"angle": 0, "axis": "y", "origin": [4, 9, 0]},
			"faces": {
				"north": {"uv": [11.25, 12.25, 10, 13], "texture": "#0"},
				"east": {"uv": [13.5, 6.25, 11.5, 7], "texture": "#0"},
				"south": {"uv": [13.75, 12, 12.5, 12.75], "texture": "#0"},
				"west": {"uv": [13.5, 5.5, 11.5, 6.25], "texture": "#0"},
				"up": {"uv": [10.25, 8, 11.5, 6], "texture": "#0"},
				"down": {"uv": [10.25, 8, 11.5, 10], "texture": "#0"}
			}
		},
		{
			"name": "Gear3",
			"from": [10.5, -9, 6],
			"to": [13.5, 7, 10],
			"rotation": {"angle": -45, "axis": "x", "origin": [12, -1, 8]},
			"faces": {
				"north": {"uv": [4.5, 7, 3.75, 11], "texture": "#0"},
				"east": {"uv": [4, 0, 3, 4], "texture": "#0"},
				"south": {"uv": [5.25, 7, 4.5, 11], "texture": "#0"},
				"west": {"uv": [3, 0, 2, 4], "texture": "#0"},
				"up": {"uv": [8.25, 13.75, 9, 12.75], "texture": "#0"},
				"down": {"uv": [9, 12.75, 9.75, 13.75], "texture": "#0"}
			}
		},
		{
			"name": "Gear4",
			"from": [10.5, -9, 6],
			"to": [13.5, 7, 10],
			"rotation": {"angle": 45, "axis": "x", "origin": [12, -1, 8]},
			"faces": {
				"north": {"uv": [7.75, 5, 7, 9], "texture": "#0"},
				"east": {"uv": [5, 0, 4, 4], "texture": "#0"},
				"south": {"uv": [6, 7, 5.25, 11], "texture": "#0"},
				"west": {"uv": [1, 4, 0, 8], "texture": "#0"},
				"up": {"uv": [11.25, 13.75, 12, 12.75], "texture": "#0"},
				"down": {"uv": [12, 12.75, 12.75, 13.75], "texture": "#0"}
			}
		},
		{
			"name": "Gear5",
			"from": [11, -3, 0],
			"to": [14, 1, 16],
			"rotation": {"angle": 0, "axis": "y", "origin": [4, -14, 0]},
			"faces": {
				"north": {"uv": [13.5, 12.75, 12.75, 13.75], "texture": "#0"},
				"east": {"uv": [9, 0, 5, 1], "texture": "#0"},
				"south": {"uv": [13.75, 0, 13, 1], "texture": "#0"},
				"west": {"uv": [5, 4, 1, 5], "texture": "#0"},
				"up": {"uv": [6, 11, 6.75, 7], "texture": "#0"},
				"down": {"uv": [7.75, 1, 8.5, 5], "texture": "#0"}
			}
		},
		{
			"from": [8, -5, 4],
			"to": [15, 3, 12],
			"rotation": {"angle": 0, "axis": "y", "origin": [15, -2, 7]},
			"faces": {
				"north": {"uv": [3, 5, 1, 7], "texture": "#0"},
				"east": {"uv": [7, 3, 5, 5], "texture": "#0"},
				"south": {"uv": [5, 5, 3, 7], "texture": "#0"},
				"west": {"uv": [7, 1, 5, 3], "texture": "#0"},
				"up": {"uv": [5, 7, 7, 5], "texture": "#0"},
				"down": {"uv": [1, 7, 3, 9], "texture": "#0"}
			}
		},
		{
			"from": [10.5, 8, 7],
			"to": [14.5, 12, 9],
			"rotation": {"angle": -22.5, "axis": "x", "origin": [15, -1, 8]},
			"faces": {
				"north": {"uv": [15, 2, 14, 3], "texture": "#0"},
				"east": {"uv": [15.5, 3, 15, 4], "texture": "#0"},
				"south": {"uv": [16, 2, 15, 3], "texture": "#0"},
				"west": {"uv": [16, 3, 15.5, 4], "texture": "#0"},
				"up": {"uv": [16, 1.5, 15, 2], "texture": "#0"},
				"down": {"uv": [16, 4, 15, 4.5], "texture": "#0"}
			}
		},
		{
			"from": [10.5, 8, 7],
			"to": [14.5, 12, 9],
			"rotation": {"angle": 0, "axis": "x", "origin": [15, -1, 8]},
			"faces": {
				"north": {"uv": [15, 2, 14, 3], "texture": "#0"},
				"east": {"uv": [15.5, 3, 15, 4], "texture": "#0"},
				"south": {"uv": [16, 2, 15, 3], "texture": "#0"},
				"west": {"uv": [16, 3, 15.5, 4], "texture": "#0"},
				"up": {"uv": [16, 1.5, 15, 2], "texture": "#0"},
				"down": {"uv": [16, 4, 15, 4.5], "texture": "#0"}
			}
		},
		{
			"from": [10.5, 8, 7],
			"to": [14.5, 12, 9],
			"rotation": {"angle": 22.5, "axis": "x", "origin": [15, -1, 8]},
			"faces": {
				"north": {"uv": [15, 2, 14, 3], "texture": "#0"},
				"east": {"uv": [15.5, 3, 15, 4], "texture": "#0"},
				"south": {"uv": [16, 2, 15, 3], "texture": "#0"},
				"west": {"uv": [16, 3, 15.5, 4], "texture": "#0"},
				"up": {"uv": [16, 1.5, 15, 2], "texture": "#0"},
				"down": {"uv": [16, 4, 15, 4.5], "texture": "#0"}
			}
		},
		{
			"from": [10.5, 8, 7],
			"to": [14.5, 12, 9],
			"rotation": {"angle": 45, "axis": "x", "origin": [15, -1, 8]},
			"faces": {
				"north": {"uv": [15, 2, 14, 3], "texture": "#0"},
				"east": {"uv": [15.5, 3, 15, 4], "texture": "#0"},
				"south": {"uv": [16, 2, 15, 3], "texture": "#0"},
				"west": {"uv": [16, 3, 15.5, 4], "texture": "#0"},
				"up": {"uv": [16, 1.5, 15, 2], "texture": "#0"},
				"down": {"uv": [16, 4, 15, 4.5], "texture": "#0"}
			}
		},
		{
			"from": [10.5, -2, 17],
			"to": [14.5, 0, 21],
			"rotation": {"angle": -22.5, "axis": "x", "origin": [15, -1, 8]},
			"faces": {
				"north": {"uv": [16, 4, 15, 4.5], "rotation": 180, "texture": "#0"},
				"east": {"uv": [15, 4, 15.5, 3], "rotation": 90, "texture": "#0"},
				"south": {"uv": [16, 1.5, 15, 2], "texture": "#0"},
				"west": {"uv": [15.5, 4, 16, 3], "rotation": 270, "texture": "#0"},
				"up": {"uv": [15, 2, 14, 3], "rotation": 180, "texture": "#0"},
				"down": {"uv": [16, 2, 15, 3], "texture": "#0"}
			}
		},
		{
			"from": [10.5, -2, 17],
			"to": [14.5, 0, 21],
			"rotation": {"angle": 0, "axis": "x", "origin": [15, -1, 8]},
			"faces": {
				"north": {"uv": [16, 4, 15, 4.5], "rotation": 180, "texture": "#0"},
				"east": {"uv": [15, 4, 15.5, 3], "rotation": 90, "texture": "#0"},
				"south": {"uv": [16, 1.5, 15, 2], "texture": "#0"},
				"west": {"uv": [15.5, 4, 16, 3], "rotation": 270, "texture": "#0"},
				"up": {"uv": [15, 2, 14, 3], "rotation": 180, "texture": "#0"},
				"down": {"uv": [16, 2, 15, 3], "texture": "#0"}
			}
		},
		{
			"from": [10.5, -2, 17],
			"to": [14.5, 0, 21],
			"rotation": {"angle": 22.5, "axis": "x", "origin": [15, -1, 8]},
			"faces": {
				"north": {"uv": [16, 4, 15, 4.5], "rotation": 180, "texture": "#0"},
				"east": {"uv": [15, 4, 15.5, 3], "rotation": 90, "texture": "#0"},
				"south": {"uv": [16, 1.5, 15, 2], "texture": "#0"},
				"west": {"uv": [15.5, 4, 16, 3], "rotation": 270, "texture": "#0"},
				"up": {"uv": [15, 2, 14, 3], "rotation": 180, "texture": "#0"},
				"down": {"uv": [16, 2, 15, 3], "texture": "#0"}
			}
		},
		{
			"from": [10.5, -2, 17],
			"to": [14.5, 0, 21],
			"rotation": {"angle": 45, "axis": "x", "origin": [15, -1, 8]},
			"faces": {
				"north": {"uv": [16, 4, 15, 4.5], "rotation": 180, "texture": "#0"},
				"east": {"uv": [15, 4, 15.5, 3], "rotation": 90, "texture": "#0"},
				"south": {"uv": [16, 1.5, 15, 2], "texture": "#0"},
				"west": {"uv": [15.5, 4, 16, 3], "rotation": 270, "texture": "#0"},
				"up": {"uv": [15, 2, 14, 3], "rotation": 180, "texture": "#0"},
				"down": {"uv": [16, 2, 15, 3], "texture": "#0"}
			}
		},
		{
			"from": [10.5, -14, 7],
			"to": [14.5, -10, 9],
			"rotation": {"angle": -22.5, "axis": "x", "origin": [15, -1, 8]},
			"faces": {
				"north": {"uv": [16, 2, 15, 3], "rotation": 180, "texture": "#0"},
				"east": {"uv": [15.5, 3, 15, 4], "rotation": 180, "texture": "#0"},
				"south": {"uv": [15, 2, 14, 3], "rotation": 180, "texture": "#0"},
				"west": {"uv": [16, 3, 15.5, 4], "rotation": 180, "texture": "#0"},
				"up": {"uv": [16, 4, 15, 4.5], "texture": "#0"},
				"down": {"uv": [16, 1.5, 15, 2], "texture": "#0"}
			}
		},
		{
			"from": [10.5, -14, 7],
			"to": [14.5, -10, 9],
			"rotation": {"angle": 0, "axis": "x", "origin": [15, -1, 8]},
			"faces": {
				"north": {"uv": [16, 2, 15, 3], "rotation": 180, "texture": "#0"},
				"east": {"uv": [15.5, 3, 15, 4], "rotation": 180, "texture": "#0"},
				"south": {"uv": [15, 2, 14, 3], "rotation": 180, "texture": "#0"},
				"west": {"uv": [16, 3, 15.5, 4], "rotation": 180, "texture": "#0"},
				"up": {"uv": [16, 4, 15, 4.5], "texture": "#0"},
				"down": {"uv": [16, 1.5, 15, 2], "texture": "#0"}
			}
		},
		{
			"from": [10.5, -14, 7],
			"to": [14.5, -10, 9],
			"rotation": {"angle": 22.5, "axis": "x", "origin": [15, -1, 8]},
			"faces": {
				"north": {"uv": [16, 2, 15, 3], "rotation": 180, "texture": "#0"},
				"east": {"uv": [15.5, 3, 15, 4], "rotation": 180, "texture": "#0"},
				"south": {"uv": [15, 2, 14, 3], "rotation": 180, "texture": "#0"},
				"west": {"uv": [16, 3, 15.5, 4], "rotation": 180, "texture": "#0"},
				"up": {"uv": [16, 4, 15, 4.5], "texture": "#0"},
				"down": {"uv": [16, 1.5, 15, 2], "texture": "#0"}
			}
		},
		{
			"from": [10.5, -14, 7],
			"to": [14.5, -10, 9],
			"rotation": {"angle": 45, "axis": "x", "origin": [15, -1, 8]},
			"faces": {
				"north": {"uv": [16, 2, 15, 3], "rotation": 180, "texture": "#0"},
				"east": {"uv": [15.5, 3, 15, 4], "rotation": 180, "texture": "#0"},
				"south": {"uv": [15, 2, 14, 3], "rotation": 180, "texture": "#0"},
				"west": {"uv": [16, 3, 15.5, 4], "rotation": 180, "texture": "#0"},
				"up": {"uv": [16, 4, 15, 4.5], "texture": "#0"},
				"down": {"uv": [16, 1.5, 15, 2], "texture": "#0"}
			}
		},
		{
			"from": [10.5, -2, -5],
			"to": [14.5, 0, -1],
			"rotation": {"angle": -22.5, "axis": "x", "origin": [15, -1, 8]},
			"faces": {
				"north": {"uv": [16, 1.5, 15, 2], "rotation": 180, "texture": "#0"},
				"east": {"uv": [15, 4, 15.5, 3], "rotation": 270, "texture": "#0"},
				"south": {"uv": [16, 4, 15, 4.5], "texture": "#0"},
				"west": {"uv": [15.5, 4, 16, 3], "rotation": 90, "texture": "#0"},
				"up": {"uv": [16, 2, 15, 3], "texture": "#0"},
				"down": {"uv": [15, 2, 14, 3], "rotation": 180, "texture": "#0"}
			}
		},
		{
			"from": [10.5, -2, -5],
			"to": [14.5, 0, -1],
			"rotation": {"angle": 0, "axis": "x", "origin": [15, -1, 8]},
			"faces": {
				"north": {"uv": [16, 1.5, 15, 2], "rotation": 180, "texture": "#0"},
				"east": {"uv": [15, 4, 15.5, 3], "rotation": 270, "texture": "#0"},
				"south": {"uv": [16, 4, 15, 4.5], "texture": "#0"},
				"west": {"uv": [15.5, 4, 16, 3], "rotation": 90, "texture": "#0"},
				"up": {"uv": [16, 2, 15, 3], "texture": "#0"},
				"down": {"uv": [15, 2, 14, 3], "rotation": 180, "texture": "#0"}
			}
		},
		{
			"from": [10.5, -2, -5],
			"to": [14.5, 0, -1],
			"rotation": {"angle": 22.5, "axis": "x", "origin": [15, -1, 8]},
			"faces": {
				"north": {"uv": [16, 1.5, 15, 2], "rotation": 180, "texture": "#0"},
				"east": {"uv": [15, 4, 15.5, 3], "rotation": 270, "texture": "#0"},
				"south": {"uv": [16, 4, 15, 4.5], "texture": "#0"},
				"west": {"uv": [15.5, 4, 16, 3], "rotation": 90, "texture": "#0"},
				"up": {"uv": [16, 2, 15, 3], "texture": "#0"},
				"down": {"uv": [15, 2, 14, 3], "rotation": 180, "texture": "#0"}
			}
		},
		{
			"from": [10.5, -2, -5],
			"to": [14.5, 0, -1],
			"rotation": {"angle": 45, "axis": "x", "origin": [15, -1, 8]},
			"faces": {
				"north": {"uv": [16, 1.5, 15, 2], "rotation": 180, "texture": "#0"},
				"east": {"uv": [15, 4, 15.5, 3], "rotation": 270, "texture": "#0"},
				"south": {"uv": [16, 4, 15, 4.5], "texture": "#0"},
				"west": {"uv": [15.5, 4, 16, 3], "rotation": 90, "texture": "#0"},
				"up": {"uv": [16, 2, 15, 3], "texture": "#0"},
				"down": {"uv": [15, 2, 14, 3], "rotation": 180, "texture": "#0"}
			}
		}
	],
	"display": {
		"thirdperson_righthand": {
			"rotation": [75, 45, 0],
			"translation": [0, 2.5, 0],
			"scale": [0.375, 0.375, 0.375]
		},
		"thirdperson_lefthand": {
			"rotation": [75, 45, 0],
			"translation": [0, 2.5, 0],
			"scale": [0.375, 0.375, 0.375]
		},
		"firstperson_righthand": {
			"rotation": [0, 45, 0],
			"scale": [0.4, 0.4, 0.4]
		},
		"firstperson_lefthand": {
			"rotation": [0, 225, 0],
			"scale": [0.4, 0.4, 0.4]
		},
		"ground": {
			"translation": [0, 3, 0],
			"scale": [0.25, 0.25, 0.25]
		},
		"gui": {
			"rotation": [30, 225, 0],
			"translation": [0, 1.5, 0],
			"scale": [0.5, 0.5, 0.5]
		},
		"fixed": {
			"rotation": [0, 90, 0],
			"translation": [0, 2.25, 0],
			"scale": [0.45, 0.45, 0.45]
		}
	},
	"groups": [
		{
			"name": "cogwheel_shaftless",
			"origin": [8, 8, 8],
			"color": 0,
			"children": [
				0,
				1,
				{
					"name": "thisbs",
					"origin": [12, 5, 12],
					"color": 0,
					"children": [2, 3, 4, 5, 6, 7, 8, 9, 10, 11, 12, 13, 14, 15, 16, 17, 18, 19]
				},
				20,
				21,
				22,
				23,
				24,
				25,
				26,
				27,
				28,
				29,
				30,
				31,
				32,
				33,
				34,
				35,
				36,
				37,
				38,
				39,
				40,
				41,
				42,
				43,
				44,
				45,
				46
			]
		},
		{
			"name": "cogwheel_shaftless",
			"origin": [8, 8, 8],
			"color": 0,
			"children": [
				47,
				48,
				{
					"name": "thisbs",
					"origin": [12, 5, 12],
					"color": 0,
					"children": [49, 50, 51, 52, 53, 54, 55, 56, 57, 58, 59, 60, 61, 62, 63, 64, 65, 66]
				},
				67,
				68,
				69,
				70,
				71,
				72,
				73,
				74,
				75,
				76,
				77,
				78,
				79,
				80,
				81,
				82,
				83,
				84,
				85,
				86,
				87,
				88,
				89,
				90,
				91,
				92,
				93
			]
		}
	]
}