{
	"credit": "Made with Blockbench",
	"parent": "create:block/large_wheels",
	"texture_size": [64, 64],
	"textures": {
		"0": "trackwork:block/axis",
		"1": "trackwork:block/smol_wheel",
		"particle": "trackwork:block/axis"
	},
	"elements": [
		{
			"name": "Gear4",
			"from": [1, -4, 1],
			"to": [7.5, 2, 4],
			"rotation": {"angle": 0, "axis": "y", "origin": [13, -9, 16]},
			"faces": {
				"north": {"uv": [7, 4, 5.25, 5.5], "texture": "#1"},
				"east": {"uv": [7.5, 9.75, 6.75, 11.25], "texture": "#1"},
				"south": {"uv": [5.25, 4, 3.5, 5.5], "texture": "#1"},
				"west": {"uv": [8.25, 9.75, 7.5, 11.25], "texture": "#1"},
				"up": {"uv": [6.75, 8.5, 5, 9.25], "texture": "#1"},
				"down": {"uv": [10.5, 3.75, 8.75, 3], "texture": "#1"}
			}
		},
		{
			"name": "Gear6",
			"from": [1.02, 2, 1],
			"to": [7.48, 7.65, 4],
			"rotation": {"angle": 45, "axis": "x", "origin": [7, 2, 1]},
			"faces": {
				"north": {"uv": [7.25, 1.5, 5.5, 3], "texture": "#1"},
				"east": {"uv": [9, 9.75, 8.25, 11.25], "texture": "#1"},
				"south": {"uv": [7.25, 0, 5.5, 1.5], "texture": "#1"},
				"west": {"uv": [9.75, 9.75, 9, 11.1625], "texture": "#1"},
				"up": {"uv": [10.5, 3.75, 8.75, 4.5], "texture": "#1"},
				"down": {"uv": [10.5, 5.25, 8.75, 4.5], "texture": "#1"}
			}
		},
		{
			"name": "Gear7",
			"from": [1.02, -9.65, 1],
			"to": [7.48, -4, 4],
			"rotation": {"angle": -45, "axis": "x", "origin": [7, -4, 1]},
			"faces": {
				"north": {"uv": [7, 5.5, 5.25, 7], "texture": "#1"},
				"east": {"uv": [10.5, 9.75, 9.75, 11.25], "texture": "#1"},
				"south": {"uv": [5.25, 5.5, 3.5, 7], "texture": "#1"},
				"west": {"uv": [5.75, 10, 5, 11.4125], "texture": "#1"},
				"up": {"uv": [10.5, 5.25, 8.75, 6], "texture": "#1"},
				"down": {"uv": [10.5, 6.75, 8.75, 6], "texture": "#1"}
			}
		},
		{
			"name": "Gear8",
			"from": [1.02, -9.65, 12],
			"to": [7.48, -4, 15],
			"rotation": {"angle": 45, "axis": "x", "origin": [7, -4, 15]},
			"faces": {
				"north": {"uv": [3.5, 7, 1.75, 8.5], "texture": "#1"},
				"east": {"uv": [6.5, 10, 5.75, 11.5], "texture": "#1"},
				"south": {"uv": [1.75, 7, 0, 8.5], "texture": "#1"},
				"west": {"uv": [0.75, 10.5, 0, 11.9125], "texture": "#1"},
				"up": {"uv": [10.5, 6.75, 8.75, 7.5], "texture": "#1"},
				"down": {"uv": [10.5, 8.25, 8.75, 7.5], "texture": "#1"}
			}
		},
		{
			"name": "Gear9",
			"from": [1.02, 2, 12],
			"to": [7.48, 7.65, 15],
			"rotation": {"angle": -45, "axis": "x", "origin": [7, 2, 15]},
			"faces": {
				"north": {"uv": [5.25, 7, 3.5, 8.5], "texture": "#1"},
				"east": {"uv": [1.5, 10.5, 0.75, 12], "texture": "#1"},
				"south": {"uv": [8.75, 3, 7, 4.5], "texture": "#1"},
				"west": {"uv": [2.25, 10.5, 1.5, 11.9125], "texture": "#1"},
				"up": {"uv": [10.5, 8.25, 8.75, 9], "texture": "#1"},
				"down": {"uv": [10.75, 0.75, 9, 0], "texture": "#1"}
			}
		},
		{
			"name": "Gear5",
			"from": [1, -4, 12],
			"to": [7.5, 2, 15],
			"rotation": {"angle": 0, "axis": "y", "origin": [13, -9, 16]},
			"faces": {
				"north": {"uv": [7, 7, 5.25, 8.5], "texture": "#1"},
				"east": {"uv": [3, 10.5, 2.25, 12], "texture": "#1"},
				"south": {"uv": [8.75, 4.5, 7, 6], "texture": "#1"},
				"west": {"uv": [3.75, 10.5, 3, 12], "texture": "#1"},
				"up": {"uv": [10.75, 0.75, 9, 1.5], "texture": "#1"},
				"down": {"uv": [10.75, 2.25, 9, 1.5], "texture": "#1"}
			}
		},
		{
			"name": "Gear5",
			"from": [1, 3, 5],
			"to": [7.5, 6, 11],
			"rotation": {"angle": 0, "axis": "y", "origin": [13, -9, 16]},
			"faces": {
				"north": {"uv": [8.5, 9, 6.75, 9.75], "texture": "#1"},
				"east": {"uv": [7, 3, 5.5, 3.75], "texture": "#1"},
				"south": {"uv": [10.75, 2.25, 9, 3], "texture": "#1"},
				"west": {"uv": [11.75, 9, 10.25, 9.75], "texture": "#1"},
				"up": {"uv": [8.75, 6, 7, 7.5], "texture": "#1"},
				"down": {"uv": [9, 1.5, 7.25, 0], "texture": "#1"}
			}
		},
		{
			"name": "plane",
			"from": [0.99, -5, 13],
			"to": [0.99, 3, 14],
			"rotation": {"angle": 0, "axis": "y", "origin": [6, -9, 16]},
			"faces": {
				"north": {"uv": [0, 0, 0, 3.5], "texture": "#1"},
				"east": {"uv": [0.25, 0, 0, 3.5], "texture": "#1"},
				"south": {"uv": [0, 0, 0, 3.5], "texture": "#1"},
				"west": {"uv": [0.25, 3.5, 0.5, 5.5], "texture": "#1"},
				"up": {"uv": [0, 0, 0, 3.5], "texture": "#1"},
				"down": {"uv": [0, 3.5, 0, 0], "texture": "#1"}
			}
		},
		{
			"name": "plane",
			"from": [0.99, 2, 11],
			"to": [0.99, 3, 12],
			"rotation": {"angle": 0, "axis": "y", "origin": [6, -9, 16]},
			"faces": {
				"north": {"uv": [0, 0, 0, 3.5], "texture": "#1"},
				"east": {"uv": [0.25, 0, 0, 0.25], "texture": "#1"},
				"south": {"uv": [0, 0, 0, 3.5], "texture": "#1"},
				"west": {"uv": [0.25, 3.5, 0, 3.75], "texture": "#1"},
				"up": {"uv": [0, 0, 0, 3.5], "texture": "#1"},
				"down": {"uv": [0, 3.5, 0, 0], "texture": "#1"}
			}
		},
		{
			"name": "plane",
			"from": [0.99, 2, 4],
			"to": [0.99, 3, 5],
			"rotation": {"angle": 0, "axis": "y", "origin": [6, -9, 16]},
			"faces": {
				"north": {"uv": [0, 0, 0, 3.5], "texture": "#1"},
				"east": {"uv": [3.5, 0, 0, 3.5], "texture": "#1"},
				"south": {"uv": [0, 0, 0, 3.5], "texture": "#1"},
				"west": {"uv": [3.5, 3.5, 3.25, 3.75], "texture": "#1"},
				"up": {"uv": [0, 0, 0, 3.5], "texture": "#1"},
				"down": {"uv": [0, 3.5, 0, 0], "texture": "#1"}
			}
		},
		{
			"name": "plane",
			"from": [0.99, -5, 4],
			"to": [0.99, -4, 5],
			"rotation": {"angle": 0, "axis": "y", "origin": [6, -9, 16]},
			"faces": {
				"north": {"uv": [0, 0, 0, 3.5], "texture": "#1"},
				"east": {"uv": [3.5, 0, 0, 3.5], "texture": "#1"},
				"south": {"uv": [0, 0, 0, 3.5], "texture": "#1"},
				"west": {"uv": [0.25, 3.5, 0, 3.75], "texture": "#1"},
				"up": {"uv": [0, 0, 0, 3.5], "texture": "#1"},
				"down": {"uv": [0, 3.5, 0, 0], "texture": "#1"}
			}
		},
		{
			"name": "plane",
			"from": [0.99, -5, 11],
			"to": [0.99, -4, 12],
			"rotation": {"angle": 0, "axis": "y", "origin": [6, -9, 16]},
			"faces": {
				"north": {"uv": [0, 0, 0, 3.5], "texture": "#1"},
				"east": {"uv": [3.5, 0, 0, 3.5], "texture": "#1"},
				"south": {"uv": [0, 0, 0, 3.5], "texture": "#1"},
				"west": {"uv": [0.25, 3.5, 0, 3.75], "texture": "#1"},
				"up": {"uv": [0, 0, 0, 3.5], "texture": "#1"},
				"down": {"uv": [0, 3.5, 0, 0], "texture": "#1"}
			}
		},
		{
			"name": "plane",
			"from": [0.99, -5, 2],
			"to": [0.99, 3, 3],
			"rotation": {"angle": 0, "axis": "y", "origin": [6, -9, 16]},
			"faces": {
				"north": {"uv": [0, 0, 0, 3.5], "texture": "#1"},
				"east": {"uv": [3.5, 0, 0, 3.5], "texture": "#1"},
				"south": {"uv": [0, 0, 0, 3.5], "texture": "#1"},
				"west": {"uv": [1.25, 3.5, 1, 5.5], "texture": "#1"},
				"up": {"uv": [0, 0, 0, 3.5], "texture": "#1"},
				"down": {"uv": [0, 3.5, 0, 0], "texture": "#1"}
			}
		},
		{
			"name": "plane",
			"from": [0.99, -6, 12],
			"to": [0.99, 4, 13],
			"rotation": {"angle": 0, "axis": "y", "origin": [6, -9, 16]},
			"faces": {
				"north": {"uv": [0, 0, 0, 3.5], "texture": "#1"},
				"east": {"uv": [3.5, 0, 0, 3.5], "texture": "#1"},
				"south": {"uv": [0, 0, 0, 3.5], "texture": "#1"},
				"west": {"uv": [0.75, 3.5, 0.5, 6], "texture": "#1"},
				"up": {"uv": [0, 0, 0, 3.5], "texture": "#1"},
				"down": {"uv": [0, 3.5, 0, 0], "texture": "#1"}
			}
		},
		{
			"name": "plane",
			"from": [0.99, -6, 3],
			"to": [0.99, 4, 4],
			"rotation": {"angle": 0, "axis": "y", "origin": [6, -9, 16]},
			"faces": {
				"north": {"uv": [0, 0, 0, 3.5], "texture": "#1"},
				"east": {"uv": [3.5, 0, 0, 3.5], "texture": "#1"},
				"south": {"uv": [0, 0, 0, 3.5], "texture": "#1"},
				"west": {"uv": [1, 3.5, 0.75, 6], "texture": "#1"},
				"up": {"uv": [0, 0, 0, 3.5], "texture": "#1"},
				"down": {"uv": [0, 3.5, 0, 0], "texture": "#1"}
			}
		},
		{
			"name": "plane",
			"from": [0.99, 3, 4],
			"to": [0.99, 5, 12],
			"rotation": {"angle": 0, "axis": "y", "origin": [6, -9, 16]},
			"faces": {
				"north": {"uv": [0, 0, 0, 3.5], "texture": "#1"},
				"east": {"uv": [3.5, 0, 0, 3.5], "texture": "#1"},
				"south": {"uv": [0, 0, 0, 3.5], "texture": "#1"},
				"west": {"uv": [2, 6.5, 0, 7], "texture": "#1"},
				"up": {"uv": [0, 0, 0, 3.5], "texture": "#1"},
				"down": {"uv": [0, 3.5, 0, 0], "texture": "#1"}
			}
		},
		{
			"name": "plane",
			"from": [0.99, -7, 4],
			"to": [0.99, -5, 12],
			"rotation": {"angle": 0, "axis": "y", "origin": [6, -9, 16]},
			"faces": {
				"north": {"uv": [0, 0, 0, 3.5], "texture": "#1"},
				"east": {"uv": [3.5, 0, 0, 3.5], "texture": "#1"},
				"south": {"uv": [0, 0, 0, 3.5], "texture": "#1"},
				"west": {"uv": [2, 6, 0, 6.5], "texture": "#1"},
				"up": {"uv": [0, 0, 0, 3.5], "texture": "#1"},
				"down": {"uv": [0, 3.5, 0, 0], "texture": "#1"}
			}
		},
		{
			"name": "Gear6",
			"from": [1, -8, 5],
			"to": [7.5, -5, 11],
			"rotation": {"angle": 0, "axis": "y", "origin": [13, -9, 16]},
			"faces": {
				"north": {"uv": [6.75, 9.25, 5, 10], "texture": "#1"},
				"east": {"uv": [12, 3, 10.5, 3.75], "texture": "#1"},
				"south": {"uv": [10.25, 9, 8.5, 9.75], "texture": "#1"},
				"west": {"uv": [12, 3.75, 10.5, 4.5], "texture": "#1"},
				"up": {"uv": [9, 1.5, 7.25, 3], "texture": "#1"},
				"down": {"uv": [8.75, 9, 7, 7.5], "texture": "#1"}
			}
		},
		{
			"name": "GearCaseOuter",
			"from": [2, -5, 4],
			"to": [6.5, 3, 12],
			"rotation": {"angle": 0, "axis": "y", "origin": [13, -9, 16]},
			"faces": {
				"north": {"uv": [2.5, 8.5, 1.25, 10.5], "texture": "#1"},
				"east": {"uv": [5.5, 0, 3.5, 2], "texture": "#1"},
				"south": {"uv": [1.25, 8.5, 0, 10.5], "texture": "#1"},
				"west": {"uv": [5.5, 2, 3.5, 4], "texture": "#1"},
				"up": {"uv": [3.75, 8.5, 2.5, 10.5], "texture": "#1"},
				"down": {"uv": [5, 10.5, 3.75, 8.5], "texture": "#1"}
			}
		},
		{
			"name": "Gear5",
			"from": [8.5, -4, 1],
			"to": [15, 2, 4],
			"rotation": {"angle": 0, "axis": "y", "origin": [3, -9, 16]},
			"faces": {
				"north": {"uv": [5.25, 4, 7, 5.5], "texture": "#1"},
				"east": {"uv": [7.5, 9.75, 8.25, 11.25], "texture": "#1"},
				"south": {"uv": [3.5, 4, 5.25, 5.5], "texture": "#1"},
				"west": {"uv": [6.75, 9.75, 7.5, 11.25], "texture": "#1"},
				"up": {"uv": [5, 8.5, 6.75, 9.25], "texture": "#1"},
				"down": {"uv": [8.75, 3.75, 10.5, 3], "texture": "#1"}
			}
		},
		{
			"name": "Gear7",
			"from": [8.52, 2, 1],
			"to": [14.98, 7.65, 4],
			"rotation": {"angle": 45, "axis": "x", "origin": [9, 2, 1]},
			"faces": {
				"north": {"uv": [5.5, 1.5, 7.25, 3], "texture": "#1"},
				"east": {"uv": [9, 9.75, 9.75, 11.1625], "texture": "#1"},
				"south": {"uv": [5.5, 0, 7.25, 1.5], "texture": "#1"},
				"west": {"uv": [8.25, 9.75, 9, 11.25], "texture": "#1"},
				"up": {"uv": [8.75, 3.75, 10.5, 4.5], "texture": "#1"},
				"down": {"uv": [8.75, 5.25, 10.5, 4.5], "texture": "#1"}
			}
		},
		{
			"name": "Gear8",
			"from": [8.52, -9.65, 1],
			"to": [14.98, -4, 4],
			"rotation": {"angle": -45, "axis": "x", "origin": [9, -4, 1]},
			"faces": {
				"north": {"uv": [5.25, 5.5, 7, 7], "texture": "#1"},
				"east": {"uv": [5, 10, 5.75, 11.4125], "texture": "#1"},
				"south": {"uv": [3.5, 5.5, 5.25, 7], "texture": "#1"},
				"west": {"uv": [9.75, 9.75, 10.5, 11.25], "texture": "#1"},
				"up": {"uv": [8.75, 5.25, 10.5, 6], "texture": "#1"},
				"down": {"uv": [8.75, 6.75, 10.5, 6], "texture": "#1"}
			}
		},
		{
			"name": "Gear9",
			"from": [8.52, -9.65, 12],
			"to": [14.98, -4, 15],
			"rotation": {"angle": 45, "axis": "x", "origin": [9, -4, 15]},
			"faces": {
				"north": {"uv": [1.75, 7, 3.5, 8.5], "texture": "#1"},
				"east": {"uv": [0, 10.5, 0.75, 11.9125], "texture": "#1"},
				"south": {"uv": [0, 7, 1.75, 8.5], "texture": "#1"},
				"west": {"uv": [5.75, 10, 6.5, 11.5], "texture": "#1"},
				"up": {"uv": [8.75, 6.75, 10.5, 7.5], "texture": "#1"},
				"down": {"uv": [8.75, 8.25, 10.5, 7.5], "texture": "#1"}
			}
		},
		{
			"name": "Gear10",
			"from": [8.52, 2, 12],
			"to": [14.98, 7.65, 15],
			"rotation": {"angle": -45, "axis": "x", "origin": [9, 2, 15]},
			"faces": {
				"north": {"uv": [3.5, 7, 5.25, 8.5], "texture": "#1"},
				"east": {"uv": [1.5, 10.5, 2.25, 11.9125], "texture": "#1"},
				"south": {"uv": [7, 3, 8.75, 4.5], "texture": "#1"},
				"west": {"uv": [0.75, 10.5, 1.5, 12], "texture": "#1"},
				"up": {"uv": [8.75, 8.25, 10.5, 9], "texture": "#1"},
				"down": {"uv": [9, 0.75, 10.75, 0], "texture": "#1"}
			}
		},
		{
			"name": "Gear6",
			"from": [8.5, -4, 12],
			"to": [15, 2, 15],
			"rotation": {"angle": 0, "axis": "y", "origin": [3, -9, 16]},
			"faces": {
				"north": {"uv": [5.25, 7, 7, 8.5], "texture": "#1"},
				"east": {"uv": [3, 10.5, 3.75, 12], "texture": "#1"},
				"south": {"uv": [7, 4.5, 8.75, 6], "texture": "#1"},
				"west": {"uv": [2.25, 10.5, 3, 12], "texture": "#1"},
				"up": {"uv": [9, 0.75, 10.75, 1.5], "texture": "#1"},
				"down": {"uv": [9, 2.25, 10.75, 1.5], "texture": "#1"}
			}
		},
		{
			"name": "Gear6",
			"from": [8.5, 3, 5],
			"to": [15, 6, 11],
			"rotation": {"angle": 0, "axis": "y", "origin": [3, -9, 16]},
			"faces": {
				"north": {"uv": [6.75, 9, 8.5, 9.75], "texture": "#1"},
				"east": {"uv": [10.25, 9, 11.75, 9.75], "texture": "#1"},
				"south": {"uv": [9, 2.25, 10.75, 3], "texture": "#1"},
				"west": {"uv": [5.5, 3, 7, 3.75], "texture": "#1"},
				"up": {"uv": [7, 6, 8.75, 7.5], "texture": "#1"},
				"down": {"uv": [7.25, 1.5, 9, 0], "texture": "#1"}
			}
		},
		{
			"name": "plane",
			"from": [15.01, -5, 13],
			"to": [15.01, 3, 14],
			"rotation": {"angle": 0, "axis": "y", "origin": [10, -9, 16]},
			"faces": {
				"north": {"uv": [0, 0, 0, 3.5], "texture": "#1"},
				"east": {"uv": [0.5, 3.5, 0.25, 5.5], "texture": "#1"},
				"south": {"uv": [0, 0, 0, 3.5], "texture": "#1"},
				"west": {"uv": [0, 0, 0.25, 3.5], "texture": "#1"},
				"up": {"uv": [0, 0, 0, 3.5], "texture": "#1"},
				"down": {"uv": [0, 3.5, 0, 0], "texture": "#1"}
			}
		},
		{
			"name": "plane",
			"from": [15.01, 2, 11],
			"to": [15.01, 3, 12],
			"rotation": {"angle": 0, "axis": "y", "origin": [10, -9, 16]},
			"faces": {
				"north": {"uv": [0, 0, 0, 3.5], "texture": "#1"},
				"east": {"uv": [0, 3.5, 0.25, 3.75], "texture": "#1"},
				"south": {"uv": [0, 0, 0, 3.5], "texture": "#1"},
				"west": {"uv": [0, 0, 0.25, 0.25], "texture": "#1"},
				"up": {"uv": [0, 0, 0, 3.5], "texture": "#1"},
				"down": {"uv": [0, 3.5, 0, 0], "texture": "#1"}
			}
		},
		{
			"name": "plane",
			"from": [15.01, 2, 4],
			"to": [15.01, 3, 5],
			"rotation": {"angle": 0, "axis": "y", "origin": [10, -9, 16]},
			"faces": {
				"north": {"uv": [0, 0, 0, 3.5], "texture": "#1"},
				"east": {"uv": [3.25, 3.5, 3.5, 3.75], "texture": "#1"},
				"south": {"uv": [0, 0, 0, 3.5], "texture": "#1"},
				"west": {"uv": [0, 0, 3.5, 3.5], "texture": "#1"},
				"up": {"uv": [0, 0, 0, 3.5], "texture": "#1"},
				"down": {"uv": [0, 3.5, 0, 0], "texture": "#1"}
			}
		},
		{
			"name": "plane",
			"from": [15.01, -5, 4],
			"to": [15.01, -4, 5],
			"rotation": {"angle": 0, "axis": "y", "origin": [10, -9, 16]},
			"faces": {
				"north": {"uv": [0, 0, 0, 3.5], "texture": "#1"},
				"east": {"uv": [1.5, 3.5, 1.75, 3.75], "texture": "#1"},
				"south": {"uv": [0, 0, 0, 3.5], "texture": "#1"},
				"west": {"uv": [0, 0, 3.5, 3.5], "texture": "#1"},
				"up": {"uv": [0, 0, 0, 3.5], "texture": "#1"},
				"down": {"uv": [0, 3.5, 0, 0], "texture": "#1"}
			}
		},
		{
			"name": "plane",
			"from": [15.01, -5, 11],
			"to": [15.01, -4, 12],
			"rotation": {"angle": 0, "axis": "y", "origin": [10, -9, 16]},
			"faces": {
				"north": {"uv": [0, 0, 0, 3.5], "texture": "#1"},
				"east": {"uv": [0, 3.5, 0.25, 3.75], "texture": "#1"},
				"south": {"uv": [0, 0, 0, 3.5], "texture": "#1"},
				"west": {"uv": [0, 0, 3.5, 3.5], "texture": "#1"},
				"up": {"uv": [0, 0, 0, 3.5], "texture": "#1"},
				"down": {"uv": [0, 3.5, 0, 0], "texture": "#1"}
			}
		},
		{
			"name": "plane",
			"from": [15.01, -5, 2],
			"to": [15.01, 3, 3],
			"rotation": {"angle": 0, "axis": "y", "origin": [10, -9, 16]},
			"faces": {
				"north": {"uv": [0, 0, 0, 3.5], "texture": "#1"},
				"east": {"uv": [1, 3.5, 1.25, 5.5], "texture": "#1"},
				"south": {"uv": [0, 0, 0, 3.5], "texture": "#1"},
				"west": {"uv": [0, 0, 3.5, 3.5], "texture": "#1"},
				"up": {"uv": [0, 0, 0, 3.5], "texture": "#1"},
				"down": {"uv": [0, 3.5, 0, 0], "texture": "#1"}
			}
		},
		{
			"name": "plane",
			"from": [15.01, -6, 12],
			"to": [15.01, 4, 13],
			"rotation": {"angle": 0, "axis": "y", "origin": [10, -9, 16]},
			"faces": {
				"north": {"uv": [0, 0, 0, 3.5], "texture": "#1"},
				"east": {"uv": [0.5, 3.5, 0.75, 6], "texture": "#1"},
				"south": {"uv": [0, 0, 0, 3.5], "texture": "#1"},
				"west": {"uv": [0, 0, 3.5, 3.5], "texture": "#1"},
				"up": {"uv": [0, 0, 0, 3.5], "texture": "#1"},
				"down": {"uv": [0, 3.5, 0, 0], "texture": "#1"}
			}
		},
		{
			"name": "plane",
			"from": [15.01, -6, 3],
			"to": [15.01, 4, 4],
			"rotation": {"angle": 0, "axis": "y", "origin": [10, -9, 16]},
			"faces": {
				"north": {"uv": [0, 0, 0, 3.5], "texture": "#1"},
				"east": {"uv": [0.75, 3.5, 1, 6], "texture": "#1"},
				"south": {"uv": [0, 0, 0, 3.5], "texture": "#1"},
				"west": {"uv": [0, 0, 3.5, 3.5], "texture": "#1"},
				"up": {"uv": [0, 0, 0, 3.5], "texture": "#1"},
				"down": {"uv": [0, 3.5, 0, 0], "texture": "#1"}
			}
		},
		{
			"name": "plane",
			"from": [15.01, 3, 4],
			"to": [15.01, 5, 12],
			"rotation": {"angle": 0, "axis": "y", "origin": [10, -9, 16]},
			"faces": {
				"north": {"uv": [0, 0, 0, 3.5], "texture": "#1"},
				"east": {"uv": [0, 6.5, 2, 7], "texture": "#1"},
				"south": {"uv": [0, 0, 0, 3.5], "texture": "#1"},
				"west": {"uv": [0, 0, 3.5, 3.5], "texture": "#1"},
				"up": {"uv": [0, 0, 0, 3.5], "texture": "#1"},
				"down": {"uv": [0, 3.5, 0, 0], "texture": "#1"}
			}
		},
		{
			"name": "plane",
			"from": [15.01, -7, 4],
			"to": [15.01, -5, 12],
			"rotation": {"angle": 0, "axis": "y", "origin": [10, -9, 16]},
			"faces": {
				"north": {"uv": [0, 0, 0, 3.5], "texture": "#1"},
				"east": {"uv": [0, 6, 2, 6.5], "texture": "#1"},
				"south": {"uv": [0, 0, 0, 3.5], "texture": "#1"},
				"west": {"uv": [0, 0, 3.5, 3.5], "texture": "#1"},
				"up": {"uv": [0, 0, 0, 3.5], "texture": "#1"},
				"down": {"uv": [0, 3.5, 0, 0], "texture": "#1"}
			}
		},
		{
			"name": "Gear7",
			"from": [8.5, -8, 5],
			"to": [15, -5, 11],
			"rotation": {"angle": 0, "axis": "y", "origin": [3, -9, 16]},
			"faces": {
				"north": {"uv": [5, 9.25, 6.75, 10], "texture": "#1"},
				"east": {"uv": [10.5, 3.75, 12, 4.5], "texture": "#1"},
				"south": {"uv": [8.5, 9, 10.25, 9.75], "texture": "#1"},
				"west": {"uv": [10.5, 3, 12, 3.75], "texture": "#1"},
				"up": {"uv": [7.25, 1.5, 9, 3], "texture": "#1"},
				"down": {"uv": [7, 9, 8.75, 7.5], "texture": "#1"}
			}
		},
		{
			"name": "GearCaseOuter",
			"from": [9.5, -5, 4],
			"to": [14, 3, 12],
			"rotation": {"angle": 0, "axis": "y", "origin": [3, -9, 16]},
			"faces": {
				"north": {"uv": [1.25, 8.5, 2.5, 10.5], "texture": "#1"},
				"east": {"uv": [3.5, 2, 5.5, 4], "texture": "#1"},
				"south": {"uv": [0, 8.5, 1.25, 10.5], "texture": "#1"},
				"west": {"uv": [3.5, 0, 5.5, 2], "texture": "#1"},
				"up": {"uv": [2.5, 8.5, 3.75, 10.5], "texture": "#1"},
				"down": {"uv": [3.75, 10.5, 5, 8.5], "texture": "#1"}
			}
		},
		{
			"from": [1, -3, 6],
			"to": [15, 1, 10],
			"rotation": {"angle": 0, "axis": "x", "origin": [0, -3, 8]},
			"faces": {
				"north": {"uv": [2, 0, 16, 4], "texture": "#0"},
				"east": {"uv": [12, 12, 16, 16], "texture": "#0"},
				"south": {"uv": [2, 0, 16, 4], "texture": "#0"},
				"west": {"uv": [12, 12, 16, 16], "texture": "#0"},
				"up": {"uv": [2, 0, 16, 4], "texture": "#0"},
				"down": {"uv": [2, 0, 16, 4], "texture": "#0"}
			}
		},
		{
			"from": [7.5, -5.5, 3.5],
			"to": [8.5, 3.5, 12.5],
			"rotation": {"angle": 0, "axis": "y", "origin": [-0.5, 1.5, -0.5]},
			"faces": {
				"north": {"uv": [13.25, 0, 13.5, 2.25], "texture": "#1"},
				"east": {"uv": [13.5, 0, 15.75, 2.25], "texture": "#1"},
				"south": {"uv": [13, 0, 13.25, 2.25], "texture": "#1"},
				"west": {"uv": [13.5, 0, 15.75, 2.25], "texture": "#1"},
				"up": {"uv": [13, 0, 13.25, 2.25], "texture": "#1"},
				"down": {"uv": [13, 0, 13.25, 2.25], "texture": "#1"}
			}
		}
	],
	"display": {
		"thirdperson_righthand": {
			"rotation": [75, 45, 0],
			"translation": [0, 2.5, 0],
			"scale": [0.375, 0.375, 0.375]
		},
		"thirdperson_lefthand": {
			"rotation": [75, 45, 0],
			"translation": [0, 2.5, 0],
			"scale": [0.375, 0.375, 0.375]
		},
		"firstperson_righthand": {
			"rotation": [0, 45, 0],
			"scale": [0.4, 0.4, 0.4]
		},
		"firstperson_lefthand": {
			"rotation": [0, 225, 0],
			"scale": [0.4, 0.4, 0.4]
		},
		"ground": {
			"translation": [0, 3, 0],
			"scale": [0.25, 0.25, 0.25]
		},
		"gui": {
			"rotation": [30, 225, 0],
			"translation": [0, 1.5, 0],
			"scale": [0.5, 0.5, 0.5]
		},
		"fixed": {
			"rotation": [0, 90, 0],
			"translation": [0, 2.25, 0],
			"scale": [0.45, 0.45, 0.45]
		}
	},
	"groups": [
		{
			"name": "cogwheel_shaftless",
			"origin": [8, 8, 8],
			"color": 0,
			"children": [0, 1, 2, 3, 4, 5, 6, 7, 8, 9, 10, 11, 12, 13, 14, 15, 16, 17, 18]
		},
		{
			"name": "cogwheel_shaftless",
			"origin": [8, 8, 8],
			"color": 0,
			"children": [19, 20, 21, 22, 23, 24, 25, 26, 27, 28, 29, 30, 31, 32, 33, 34, 35, 36, 37]
		},
		{
			"name": "axle",
			"origin": [8, 8, 8],
			"color": 0,
			"children": [38]
		},
		39
	]
}